Workbook

Sheet Data
A1: ID | B1: Case_ID | C1: PT | D1: Drug_Name | E1: Q2_Score_NonRAG | F1: Q2_Score_RAG | G1: Q2_Score_Human | H1: Q2_Diff_NonRAG | I1: Q2_Agree_NonRAG | J1: Q2_Over_NonRAG | K1: Q2_Under_NonRAG | L1: Q2_Degree_NonRAG | M1: Q2_Diff_RAG | N1: Q2_Agree_RAG | O1: Q2_Over_RAG | P1: Q2_Under_RAG | Q1: Q2_Degree_RAG | R1: Q5_Score_NonRAG | S1: Q5_Score_RAG | T1: Q5_Score_Human | U1: Q5_Diff_NonRAG | V1: Q5_Agree_NonRAG | W1: Q5_Over_NonRAG | X1: Q5_Under_NonRAG | Y1: Q5_Degree_NonRAG | Z1: Q5_Diff_RAG | AA1: Q5_Agree_RAG | AB1: Q5_Over_RAG | AC1: Q5_Under_RAG | AD1: Q5_Degree_RAG | AE1: Q10_Score_NonRAG | AF1: Q10_Score_RAG | AG1: Q10_Score_Human | AH1: Q10_Diff_NonRAG | AI1: Q10_Agree_NonRAG | AJ1: Q10_Over_NonRAG | AK1: Q10_Under_NonRAG | AL1: Q10_Degree_NonRAG | AM1: Q10_Diff_RAG | AN1: Q10_Agree_RAG | AO1: Q10_Over_RAG | AP1: Q10_Under_RAG | AQ1: Q10_Degree_RAG | AR1: Q2_Reasoning_NonRAG | AS1: Q2_Reasoning_RAG | AT1: Q2_Reasoning_Human | AU1: Q5_Reasoning_NonRAG | AV1: Q5_Reasoning_RAG | AW1: Q5_Reasoning_Human | AX1: Q10_Reasoning_NonRAG | AY1: Q10_Reasoning_RAG | AZ1: Q10_Reasoning_Human | BA1: Case_Narrative
A2: 1 | B2: 153433253 | C2: Intentional product use issue | D2: DIAZEPAM | E2: 0 | F2: 0 | G2: 0 | H2: =E2-G2 -> 0 | I2: =IF(E2=G2,1,0) -> 1 | J2: =IF(E2>G2,1,0) -> 0 | K2: =IF(E2<G2,1,0) -> 0 | L2: =IF(E2=G2,"Agreement",IF(E2>G2,"Overestimation","Underestimation")) -> Agreement | M2: =F2-G2 -> 0 | N2: =IF(F2=G2,1,0) -> 1 | O2: =IF(F2>G2,1,0) -> 0 | P2: =IF(F2<G2,1,0) -> 0 | Q2: =IF(F2=G2,"Agreement",IF(F2>G2,"Overestimation","Underestimation")) -> Agreement | R2: -1 | S2: -1 | T2: 2 | U2: =R2-T2 -> -3 | V2: =IF(R2=T2,1,0) -> 0 | W2: =IF(R2>T2,1,0) -> 0 | X2: =IF(R2<T2,1,0) -> 1 | Y2: =IF(R2=T2,"Agreement",IF(R2>T2,"Overestimation","Underestimation")) -> Underestimation | Z2: =S2-T2 -> -3 | AA2: =IF(S2=T2,1,0) -> 0 | AB2: =IF(S2>T2,1,0) -> 0 | AC2: =IF(S2<T2,1,0) -> 1 | AD2: =IF(S2=T2,"Agreement",IF(S2>T2,"Overestimation","Underestimation")) -> Underestimation | AE2: 0 | AF2: 1 | AG2: 1 | AH2: =AE2-AG2 -> -1 | AI2: =IF(AE2=AG2,1,0) -> 0 | AJ2: =IF(AE2>AG2,1,0) -> 0 | AK2: =IF(AE2<AG2,1,0) -> 1 | AL2: =IF(AE2=AG2,"Agreement",IF(AE2>AG2,"Overestimation","Underestimation")) -> Underestimation | AM2: =AF2-AG2 -> 0 | AN2: =IF(AF2=AG2,1,0) -> 1 | AO2: =IF(AF2>AG2,1,0) -> 0 | AP2: =IF(AF2<AG2,1,0) -> 0 | AQ2: =IF(AF2=AG2,"Agreement",IF(AF2>AG2,"Overestimation","Underestimation")) -> Agreement | AR2: the case does not provide any infomation on therapy start and end date or on the event date, thus temporal and biological plausability can not be established. | AS2: the case does not provide any infomation on therapy start and end date or on the event date, thus temporal and biological plausability can not be established. | AT2: the case does not provide any infomation on therapy start and end date or on the event date, thus temporal and biological plausability can not be established. | AU2: ## Pair Assessment: DIAZEPAM vs Intentional product use issue **CrewAI Final Output:** ``` **Comprehensive Causality Assessment for Intentional product use issue Associated with DIAZEPAM** **FINAL PLAUSIBILITY RATING:** HIGH **Detailed Causality Analysis:** **1. Temporal Plausibility** The temporal relationship between DIAZEPAM administration and the onset of the 'Intentional product use issue' is difficult to assess due to missing data. The patient's therapy with DIAZEPAM began on 22-May-2018, but the date of the event is reported as MISSING. For causality to be established, the event must have occurred on or after the start date. Events like misuse or dependence often develop over a period of exposure rather than as a single acute event. While a definitive temporal link cannot be confirmed from the available data, the exposure to DIAZEPAM precedes or coincides with the event, which is a necessary condition for causality. The lack of a specific event date is a significant limitation but does not rule out a plausible temporal connection. **2. Biological Plausibility** The biological plausibility for DIAZEPAM causing or contributing to an 'Intentional product use issue' is extremely high. As detailed in the provided literature summary, DIAZEPAM is a benzodiazepine that enhances the effect of the inhibitory neurotransmitter GABA at the GABA-A receptor, leading to widespread CNS depression. This mechanism produces the drug's therapeutic anxiolytic and sedative effects, but also underlies its significant potential for misuse, abuse, and dependence. The literature confirms that DIAZEPAM is frequently misused for its euphoric and relaxing effects, to self-medicate anxiety, or in patterns of polysubstance abuse. The development of tolerance and physiological dependence is a well-documented consequence of regular use, which can drive behaviors consistent with an 'Intentional product use issue' (e.g., taking more than prescribed). Therefore, the reported event is entirely consistent with the known pharmacological and clinical profile of DIAZEPAM. **3. Dechallenge/Rechallenge** The dechallenge result for DIAZEPAM is reported as 'U' (Unknown), and the rechallenge result is MISSING. Consequently, no information is available from dechallenge or rechallenge to either support or refute a causal relationship between DIAZEPAM and the 'Intentional product use issue'. This represents a critical gap in the case information. **4. Objective Evidence** The primary evidence is the report of the event itself. A highly significant piece of supporting information is the patient's reported "History of Similar Reactions: Y". This indicates a pre-existing vulnerability or pattern of behavior that makes the occurrence of an 'Intentional product use issue' with a high-risk medication like DIAZEPAM more likely. This history corroborates the plausibility of the reported event. No other objective evidence, such as clinical notes, laboratory results, or diagnostic findings, was provided. **5. Confounding Factors** Several confounding factors are present. The patient has a diagnosis of Immune Thrombocytopenia and was treated with RITUXAN and PREDNISONE. The underlying medical condition and its treatment can cause significant psychological distress. PREDNISONE, a corticosteroid, is well-known for causing neuropsychiatric side effects, including anxiety, mood swings, and agitation, which could influence patient behavior. The listed indication for PREDNISONE is 'Anxiety', which is unusual and may suggest a complex pre-existing psychiatric history or a data entry error. This underlying anxiety could be a primary driver for the patient to misuse an anxiolytic medication like DIAZEPAM. Therefore, the patient's underlying medical and psychiatric state, as well as the effects of concurrent PREDNISONE, are significant confounders. **6. Synthesis and Final Assessment** This case involves a 68-year-old female with a "History of Similar Reactions" who experienced an 'Intentional product use issue' while on DIAZEPAM. The primary strength of this case is the exceptionally high biological plausibility; DIAZEPAM's mechanism of action and extensive clinical history directly support its potential for misuse, abuse, and dependence. This is further strengthened by the patient's specific history of similar events, suggesting a predisposition to this type of adverse event. However, the case is weakened by significant missing information, including the event date, dose, indication for DIAZEPAM, and the outcome of dechallenge. Confounding factors, notably the patient's underlying anxiety and concurrent use of PREDNISONE, are present and could have contributed to the event. Despite these limitations, the nature of the event ('Intentional product use issue') aligns perfectly with the well-established and prominent risk profile of DIAZEPAM. The drug's inherent properties are a more direct and powerful explanation for this specific event than the confounding factors. Therefore, a causal relationship is considered highly probable. **Final Plausibility Rating: HIGH** ``` | AV2: ## Pair Assessment: DIAZEPAM vs Intentional product use issue **CrewAI Final Output:** ``` **Comprehensive Causality Assessment for Intentional product use issue Associated with DIAZEPAM** **FINAL PLAUSIBILITY RATING:** HIGH **Detailed Causality Analysis:** **1. Temporal Plausibility** The temporal relationship between DIAZEPAM administration and the onset of the 'Intentional product use issue' is difficult to assess due to missing data. The patient's therapy with DIAZEPAM began on 22-May-2018, but the date of the event is reported as MISSING. For causality to be established, the event must have occurred on or after the start date. Events like misuse or dependence often develop over a period of exposure rather than as a single acute event. While a definitive temporal link cannot be confirmed from the available data, the exposure to DIAZEPAM precedes or coincides with the event, which is a necessary condition for causality. The lack of a specific event date is a significant limitation but does not rule out a plausible temporal connection. **2. Biological Plausibility** The biological plausibility for DIAZEPAM causing or contributing to an 'Intentional product use issue' is extremely high. As detailed in the provided literature summary, DIAZEPAM is a benzodiazepine that enhances the effect of the inhibitory neurotransmitter GABA at the GABA-A receptor, leading to widespread CNS depression. This mechanism produces the drug's therapeutic anxiolytic and sedative effects, but also underlies its significant potential for misuse, abuse, and dependence. The literature confirms that DIAZEPAM is frequently misused for its euphoric and relaxing effects, to self-medicate anxiety, or in patterns of polysubstance abuse. The development of tolerance and physiological dependence is a well-documented consequence of regular use, which can drive behaviors consistent with an 'Intentional product use issue' (e.g., taking more than prescribed). Therefore, the reported event is entirely consistent with the known pharmacological and clinical profile of DIAZEPAM. **3. Dechallenge/Rechallenge** The dechallenge result for DIAZEPAM is reported as 'U' (Unknown), and the rechallenge result is MISSING. Consequently, no information is available from dechallenge or rechallenge to either support or refute a causal relationship between DIAZEPAM and the 'Intentional product use issue'. This represents a critical gap in the case information. **4. Objective Evidence** The primary evidence is the report of the event itself. A highly significant piece of supporting information is the patient's reported "History of Similar Reactions: Y". This indicates a pre-existing vulnerability or pattern of behavior that makes the occurrence of an 'Intentional product use issue' with a high-risk medication like DIAZEPAM more likely. This history corroborates the plausibility of the reported event. No other objective evidence, such as clinical notes, laboratory results, or diagnostic findings, was provided. **5. Confounding Factors** Several confounding factors are present. The patient has a diagnosis of Immune Thrombocytopenia and was treated with RITUXAN and PREDNISONE. The underlying medical condition and its treatment can cause significant psychological distress. PREDNISONE, a corticosteroid, is well-known for causing neuropsychiatric side effects, including anxiety, mood swings, and agitation, which could influence patient behavior. The listed indication for PREDNISONE is 'Anxiety', which is unusual and may suggest a complex pre-existing psychiatric history or a data entry error. This underlying anxiety could be a primary driver for the patient to misuse an anxiolytic medication like DIAZEPAM. Therefore, the patient's underlying medical and psychiatric state, as well as the effects of concurrent PREDNISONE, are significant confounders. **6. Synthesis and Final Assessment** This case involves a 68-year-old female with a "History of Similar Reactions" who experienced an 'Intentional product use issue' while on DIAZEPAM. The primary strength of this case is the exceptionally high biological plausibility; DIAZEPAM's mechanism of action and extensive clinical history directly support its potential for misuse, abuse, and dependence. This is further strengthened by the patient's specific history of similar events, suggesting a predisposition to this type of adverse event. However, the case is weakened by significant missing information, including the event date, dose, indication for DIAZEPAM, and the outcome of dechallenge. Confounding factors, notably the patient's underlying anxiety and concurrent use of PREDNISONE, are present and could have contributed to the event. Despite these limitations, the nature of the event ('Intentional product use issue') aligns perfectly with the well-established and prominent risk profile of DIAZEPAM. The drug's inherent properties are a more direct and powerful explanation for this specific event than the confounding factors. Therefore, a causal relationship is considered highly probable. **Final Plausibility Rating: HIGH** ``` | AW2: These are not pharmacological adverse reactions but usage/process issues. | AX2: Intentional product use issue: Symptom - Intentional product use issue refers to a patient's deliberate misuse or incorrect use of a product, which is a subjective behavior or action reported by the patient or caregiver, not an objective, measurable clinical finding. | AY2: Intentional product use issue: Sign - Intentional product use issue is an observable behavior or event, not a subjective patient-reported experience. | AZ2: since the intentional use is a clinical sign (as opposed to a symptom), it is assumed that the appropriate medical tests have been performed by a healthcare professional, prior to diagnosing. | BA2: Case ID: 153433253 Case Version: 3 FDA Code: F Event Date: NA Manufacture Date: 20180827 Initial FDA Date: 20180903 FDA Date: 20250430 Report Code: EXP Authorization Number: NA Manufacturer Number: US-ROCHE-2176536 Manufacturer Sender: ROCHE Literature Reference: NA Age: 68 Age Code: YR Age Group: E Sex: F E Sub: Y Weight: 71.73 Weight Code: KG Report Date: 20250430 To Manufacturer: NA Occupation Code: HP Reporter Country: US Occurrence Country: US Adverse Reaction(s): Aortic arteriosclerosis ; Dizziness ; Acute kidney injury ; Intentional product use issue ; Sepsis ; Nausea ; Hallucination ; Hypovolaemia ; Immunosuppression ; Atelectasis ; Serum sickness ; Spinal osteoarthritis ; Renal cyst ; Pyrexia ; Lactic acidosis ; Asthenia ; Off label use ; Pleural effusion ; Dehydration Case ID Number: 15343325 Drug Sequence: 6 ; 3 ; 4 ; 10 ; 7 ; 1 ; 9 ; 5 ; 2 ; 8 Role Code: C ; C ; C ; C ; C ; PS ; C ; C ; SS ; C Drug Name: THYROID ; NEXIUM ; PREDNISONE ; DELTASONE ; BENADRYL ; RITUXAN ; ZOFRAN ; PREDNISONE ; DIAZEPAM ; REGLAN Product AI: THYROID ; NEXIUM ; PREDNISONE ; DELTASONE ; BENADRYL ; RITUXAN ; ZOFRAN ; PREDNISONE ; DIAZEPAM ; REGLAN Val VBM: 1 ; 1 ; 1 ; 1 ; 1 ; 1 ; 1 ; 1 ; 1 ; 1 Route: Oral ; NA ; Oral ; NA ; NA ; Intravenous (not otherwise specified) ; NA ; Oral ; Unknown ; NA Dose VBM: daily ; daily ; 2.5 m/d daily ; 1mg daily or more 90 mg daily ; NA ; NA ; prn ; NA ; NA ; prn Cumulative Dose (Char): NA ; NA ; NA ; NA ; NA ; NA ; NA ; NA ; NA ; NA Cumulative Dose (Unit): NA ; NA ; NA ; NA ; NA ; NA ; NA ; NA ; NA ; NA Dechal: NA ; NA ; NA ; NA ; NA ; U ; NA ; NA ; U ; NA Rechal: NA ; NA ; NA ; NA ; NA ; NA ; NA ; NA ; NA ; NA Lot Number: NA ; NA ; NA ; NA ; NA ; Unknown ; NA ; NA ; Unknown ; NA Expiration Date: NA ; NA ; NA ; NA ; NA ; NA ; NA ; NA ; NA ; NA NDA Number: NA ; NA ; NA ; NA ; NA ; 103705 ; NA ; NA ; NA ; NA Dose Amount: 90 ; 20 ; NA ; NA ; NA ; 690 ; NA ; 1 ; 2 ; 10 Dose Unit: MG ; MG ; NA ; NA ; NA ; MG ; NA ; MG ; MG ; MG Dose Form: NA ; NA ; Tablet ; NA ; NA ; Solution for infusion ; NA ; 10 mg tablet ; NA ; NA Dose Frequency: QD ; QD ; QD ; NA ; NA ; /WK ; NA ; QOD ; NA ; Q6H Indication for Use: Immune thrombocytopenia ; Immune thrombocytopenia ; Anxiety ; Anxiety ; Gastrooesophageal reflux disease ; Immune thrombocytopenia ; Immune thrombocytopenia ; ; ; ; ; ; Therapy Start Date: NA ; NA ; NA ; NA ; NA ; 20180501 ; NA ; NA ; 20180522 ; NA Therapy End Date: NA ; NA ; 20180522 ; NA ; NA ; 20180508 ; NA ; NA ; NA ; NA Duration: NA ; NA ; NA ; NA ; NA ; 8 ; NA ; NA ; NA ; NA Duration Code: NA ; NA ; NA ; NA ; NA ; DAY ; NA ; NA ; NA ; NA
A3: 2 | B3: 153433253 | C3: Intentional product use issue | D3: REGLAN | E3: 0 | F3: 0 | G3: 0 | H3: =E3-G3 -> 0 | I3: =IF(E3=G3,1,0) -> 1 | J3: =IF(E3>G3,1,0) -> 0 | K3: =IF(E3<G3,1,0) -> 0 | L3: =IF(E3=G3,"Agreement",IF(E3>G3,"Overestimation","Underestimation")) -> Agreement | M3: =F3-G3 -> 0 | N3: =IF(F3=G3,1,0) -> 1 | O3: =IF(F3>G3,1,0) -> 0 | P3: =IF(F3<G3,1,0) -> 0 | Q3: =IF(F3=G3,"Agreement",IF(F3>G3,"Overestimation","Underestimation")) -> Agreement | R3: -1 | S3: -1 | T3: 2 | U3: =R3-T3 -> -3 | V3: =IF(R3=T3,1,0) -> 0 | W3: =IF(R3>T3,1,0) -> 0 | X3: =IF(R3<T3,1,0) -> 1 | Y3: =IF(R3=T3,"Agreement",IF(R3>T3,"Overestimation","Underestimation")) -> Underestimation | Z3: =S3-T3 -> -3 | AA3: =IF(S3=T3,1,0) -> 0 | AB3: =IF(S3>T3,1,0) -> 0 | AC3: =IF(S3<T3,1,0) -> 1 | AD3: =IF(S3=T3,"Agreement",IF(S3>T3,"Overestimation","Underestimation")) -> Underestimation | AE3: 0 | AF3: 1 | AG3: 1 | AH3: =AE3-AG3 -> -1 | AI3: =IF(AE3=AG3,1,0) -> 0 | AJ3: =IF(AE3>AG3,1,0) -> 0 | AK3: =IF(AE3<AG3,1,0) -> 1 | AL3: =IF(AE3=AG3,"Agreement",IF(AE3>AG3,"Overestimation","Underestimation")) -> Underestimation | AM3: =AF3-AG3 -> 0 | AN3: =IF(AF3=AG3,1,0) -> 1 | AO3: =IF(AF3>AG3,1,0) -> 0 | AP3: =IF(AF3<AG3,1,0) -> 0 | AQ3: =IF(AF3=AG3,"Agreement",IF(AF3>AG3,"Overestimation","Underestimation")) -> Agreement | AR3: the case does not provide any infomation on therapy start and end date or on the event date, thus temporal and biological plausability can not be established. | AS3: the case does not provide any infomation on therapy start and end date or on the event date, thus temporal and biological plausability can not be established. | AT3: the case does not provide any infomation on therapy start and end date or on the event date, thus temporal and biological plausability can not be established. | AU3: ## Pair Assessment: REGLAN vs Intentional product use issue **CrewAI Final Output:** ``` **Comprehensive Causality Assessment for Intentional product use issue Associated with REGLAN** **FINAL PLAUSIBILITY RATING:** LOW **Detailed Causality Analysis:** 1. **Temporal Plausibility** The assessment of a temporal relationship is impossible due to a complete lack of date information. The 'Event Date', 'Therapy Start' date, and 'Therapy End' date for REGLAN are all reported as 'MISSING'. Without these critical data points, it cannot be determined if the administration of REGLAN preceded the onset of the 'Intentional product use issue'. Therefore, temporal plausibility is **unassessable**. 2. **Biological Plausibility** The adverse event term 'Intentional product use issue' is non-specific but can be interpreted as an overdose or misuse scenario. The provided literature summary, based on established medical knowledge, confirms that REGLAN (metoclopramide) is a dopamine D2 receptor antagonist with significant central nervous system (CNS) effects. Overdose is known to cause CNS disturbances such as drowsiness, confusion, agitation, anxiety, and extrapyramidal symptoms (EPS), including akathisia. A state of drug-induced agitation or confusion could potentially lead to behavior classified as an 'intentional product use issue'. Thus, a biological mechanism for REGLAN to cause or contribute to such an event exists. The literature search for the specific event term yielded no results (PMIDs: Not Applicable). Biological plausibility is considered **plausible**. 3. **Dechallenge/Rechallenge** The effect of drug withdrawal (dechallenge) or re-administration (rechallenge) provides strong evidence for causality. In this case, the 'Dechallenge Result' for REGLAN is 'MISSING', and the 'Rechallenge Result' is 'MISSING'. Consequently, no conclusion can be drawn from this criterion. This aspect of the assessment is **unassessable**. 4. **Objective Evidence** There is no objective evidence provided in the case file (e.g., clinical observations, lab values, diagnostic reports) to substantiate the event. The patient (a 68-year-old female) has a reported 'History of Similar Reactions: Y', which could support a causal link; however, no details about the previous reaction(s) or associated drug(s) are provided, limiting the value of this information. The literature search for the specific event term was negative. 5. **Confounding Factors** Several significant confounding factors are present that could provide an alternative explanation for the event: * **Patient's Medical History:** The patient has a documented indication of 'Anxiety', which is a significant psychiatric comorbidity that could independently contribute to the reported event. * **Concurrent Medications:** The patient was taking PREDNISONE and DELTASONE for 'Anxiety'. Corticosteroids are well-documented to cause a wide range of psychiatric side effects, including agitation, mood disturbances, confusion, and psychosis, which could directly cause or contribute to an 'intentional product use issue'. * **Underlying Disease:** The patient's diagnosis of 'Immune thrombocytopenia' can be a source of significant psychological distress. * **Other Medications:** The patient was also started on DIAZEPAM, a benzodiazepine, which could have been used to treat the event (e.g., akathisia or agitation) or for the underlying anxiety, further complicating the clinical picture. 6. **Synthesis and Final Assessment** This case is severely limited by a lack of critical information, most notably the absence of any dates to establish a temporal sequence and the lack of dechallenge/rechallenge results. While there is a plausible biological mechanism by which a REGLAN overdose could lead to CNS effects manifesting as an 'intentional product use issue', this is purely theoretical in the context of this case. The presence of strong confounding factors, particularly the patient's pre-existing anxiety and concurrent use of corticosteroids (PREDNISONE/DELTASONE), provides a compelling alternative explanation for the event. Given the unassessable temporality and the strong likelihood of alternative causality, a direct causal relationship between REGLAN and the 'Intentional product use issue' is weakly supported. Therefore, the final causality rating is **LOW**. ``` | AV3: ## Pair Assessment: REGLAN vs Intentional product use issue **CrewAI Final Output:** ``` **Comprehensive Causality Assessment for Intentional product use issue Associated with REGLAN** **FINAL PLAUSIBILITY RATING:** LOW **Detailed Causality Analysis:** 1. **Temporal Plausibility** The assessment of a temporal relationship is impossible due to a complete lack of date information. The 'Event Date', 'Therapy Start' date, and 'Therapy End' date for REGLAN are all reported as 'MISSING'. Without these critical data points, it cannot be determined if the administration of REGLAN preceded the onset of the 'Intentional product use issue'. Therefore, temporal plausibility is **unassessable**. 2. **Biological Plausibility** The adverse event term 'Intentional product use issue' is non-specific but can be interpreted as an overdose or misuse scenario. The provided literature summary, based on established medical knowledge, confirms that REGLAN (metoclopramide) is a dopamine D2 receptor antagonist with significant central nervous system (CNS) effects. Overdose is known to cause CNS disturbances such as drowsiness, confusion, agitation, anxiety, and extrapyramidal symptoms (EPS), including akathisia. A state of drug-induced agitation or confusion could potentially lead to behavior classified as an 'intentional product use issue'. Thus, a biological mechanism for REGLAN to cause or contribute to such an event exists. The literature search for the specific event term yielded no results (PMIDs: Not Applicable). Biological plausibility is considered **plausible**. 3. **Dechallenge/Rechallenge** The effect of drug withdrawal (dechallenge) or re-administration (rechallenge) provides strong evidence for causality. In this case, the 'Dechallenge Result' for REGLAN is 'MISSING', and the 'Rechallenge Result' is 'MISSING'. Consequently, no conclusion can be drawn from this criterion. This aspect of the assessment is **unassessable**. 4. **Objective Evidence** There is no objective evidence provided in the case file (e.g., clinical observations, lab values, diagnostic reports) to substantiate the event. The patient (a 68-year-old female) has a reported 'History of Similar Reactions: Y', which could support a causal link; however, no details about the previous reaction(s) or associated drug(s) are provided, limiting the value of this information. The literature search for the specific event term was negative. 5. **Confounding Factors** Several significant confounding factors are present that could provide an alternative explanation for the event: * **Patient's Medical History:** The patient has a documented indication of 'Anxiety', which is a significant psychiatric comorbidity that could independently contribute to the reported event. * **Concurrent Medications:** The patient was taking PREDNISONE and DELTASONE for 'Anxiety'. Corticosteroids are well-documented to cause a wide range of psychiatric side effects, including agitation, mood disturbances, confusion, and psychosis, which could directly cause or contribute to an 'intentional product use issue'. * **Underlying Disease:** The patient's diagnosis of 'Immune thrombocytopenia' can be a source of significant psychological distress. * **Other Medications:** The patient was also started on DIAZEPAM, a benzodiazepine, which could have been used to treat the event (e.g., akathisia or agitation) or for the underlying anxiety, further complicating the clinical picture. 6. **Synthesis and Final Assessment** This case is severely limited by a lack of critical information, most notably the absence of any dates to establish a temporal sequence and the lack of dechallenge/rechallenge results. While there is a plausible biological mechanism by which a REGLAN overdose could lead to CNS effects manifesting as an 'intentional product use issue', this is purely theoretical in the context of this case. The presence of strong confounding factors, particularly the patient's pre-existing anxiety and concurrent use of corticosteroids (PREDNISONE/DELTASONE), provides a compelling alternative explanation for the event. Given the unassessable temporality and the strong likelihood of alternative causality, a direct causal relationship between REGLAN and the 'Intentional product use issue' is weakly supported. Therefore, the final causality rating is **LOW**. ``` | AW3: These are not pharmacological adverse reactions but usage/process issues. | AX3: Intentional product use issue: Symptom - Intentional product use issue refers to a patient's deliberate misuse or incorrect use of a product, which is a subjective behavior or action reported by the patient or caregiver, not an objective, measurable clinical finding. | AY3: Intentional product use issue: Sign - Intentional product use issue is an observable behavior or event, not a subjective patient-reported experience. | AZ3: since the intentional use is a clinical sign (as opposed to a symptom), it is assumed that the appropriate medical tests have been performed by a healthcare professional, prior to diagnosing. | BA3: Case ID: 153433253 Case Version: 3 FDA Code: F Event Date: NA Manufacture Date: 20180827 Initial FDA Date: 20180903 FDA Date: 20250430 Report Code: EXP Authorization Number: NA Manufacturer Number: US-ROCHE-2176536 Manufacturer Sender: ROCHE Literature Reference: NA Age: 68 Age Code: YR Age Group: E Sex: F E Sub: Y Weight: 71.73 Weight Code: KG Report Date: 20250430 To Manufacturer: NA Occupation Code: HP Reporter Country: US Occurrence Country: US Adverse Reaction(s): Aortic arteriosclerosis ; Dizziness ; Acute kidney injury ; Intentional product use issue ; Sepsis ; Nausea ; Hallucination ; Hypovolaemia ; Immunosuppression ; Atelectasis ; Serum sickness ; Spinal osteoarthritis ; Renal cyst ; Pyrexia ; Lactic acidosis ; Asthenia ; Off label use ; Pleural effusion ; Dehydration Case ID Number: 15343325 Drug Sequence: 6 ; 3 ; 4 ; 10 ; 7 ; 1 ; 9 ; 5 ; 2 ; 8 Role Code: C ; C ; C ; C ; C ; PS ; C ; C ; SS ; C Drug Name: THYROID ; NEXIUM ; PREDNISONE ; DELTASONE ; BENADRYL ; RITUXAN ; ZOFRAN ; PREDNISONE ; DIAZEPAM ; REGLAN Product AI: THYROID ; NEXIUM ; PREDNISONE ; DELTASONE ; BENADRYL ; RITUXAN ; ZOFRAN ; PREDNISONE ; DIAZEPAM ; REGLAN Val VBM: 1 ; 1 ; 1 ; 1 ; 1 ; 1 ; 1 ; 1 ; 1 ; 1 Route: Oral ; NA ; Oral ; NA ; NA ; Intravenous (not otherwise specified) ; NA ; Oral ; Unknown ; NA Dose VBM: daily ; daily ; 2.5 m/d daily ; 1mg daily or more 90 mg daily ; NA ; NA ; prn ; NA ; NA ; prn Cumulative Dose (Char): NA ; NA ; NA ; NA ; NA ; NA ; NA ; NA ; NA ; NA Cumulative Dose (Unit): NA ; NA ; NA ; NA ; NA ; NA ; NA ; NA ; NA ; NA Dechal: NA ; NA ; NA ; NA ; NA ; U ; NA ; NA ; U ; NA Rechal: NA ; NA ; NA ; NA ; NA ; NA ; NA ; NA ; NA ; NA Lot Number: NA ; NA ; NA ; NA ; NA ; Unknown ; NA ; NA ; Unknown ; NA Expiration Date: NA ; NA ; NA ; NA ; NA ; NA ; NA ; NA ; NA ; NA NDA Number: NA ; NA ; NA ; NA ; NA ; 103705 ; NA ; NA ; NA ; NA Dose Amount: 90 ; 20 ; NA ; NA ; NA ; 690 ; NA ; 1 ; 2 ; 10 Dose Unit: MG ; MG ; NA ; NA ; NA ; MG ; NA ; MG ; MG ; MG Dose Form: NA ; NA ; Tablet ; NA ; NA ; Solution for infusion ; NA ; 10 mg tablet ; NA ; NA Dose Frequency: QD ; QD ; QD ; NA ; NA ; /WK ; NA ; QOD ; NA ; Q6H Indication for Use: Immune thrombocytopenia ; Immune thrombocytopenia ; Anxiety ; Anxiety ; Gastrooesophageal reflux disease ; Immune thrombocytopenia ; Immune thrombocytopenia ; ; ; ; ; ; Therapy Start Date: NA ; NA ; NA ; NA ; NA ; 20180501 ; NA ; NA ; 20180522 ; NA Therapy End Date: NA ; NA ; 20180522 ; NA ; NA ; 20180508 ; NA ; NA ; NA ; NA Duration: NA ; NA ; NA ; NA ; NA ; 8 ; NA ; NA ; NA ; NA Duration Code: NA ; NA ; NA ; NA ; NA ; DAY ; NA ; NA ; NA ; NA
A4: 3 | B4: 180595396 | C4: Visual impairment | D4: XELJANZ | E4: 0 | F4: 0 | G4: 0 | H4: =E4-G4 -> 0 | I4: =IF(E4=G4,1,0) -> 1 | J4: =IF(E4>G4,1,0) -> 0 | K4: =IF(E4<G4,1,0) -> 0 | L4: =IF(E4=G4,"Agreement",IF(E4>G4,"Overestimation","Underestimation")) -> Agreement | M4: =F4-G4 -> 0 | N4: =IF(F4=G4,1,0) -> 1 | O4: =IF(F4>G4,1,0) -> 0 | P4: =IF(F4<G4,1,0) -> 0 | Q4: =IF(F4=G4,"Agreement",IF(F4>G4,"Overestimation","Underestimation")) -> Agreement | R4: -1 | S4: -1 | T4: -1 | U4: =R4-T4 -> 0 | V4: =IF(R4=T4,1,0) -> 1 | W4: =IF(R4>T4,1,0) -> 0 | X4: =IF(R4<T4,1,0) -> 0 | Y4: =IF(R4=T4,"Agreement",IF(R4>T4,"Overestimation","Underestimation")) -> Agreement | Z4: =S4-T4 -> 0 | AA4: =IF(S4=T4,1,0) -> 1 | AB4: =IF(S4>T4,1,0) -> 0 | AC4: =IF(S4<T4,1,0) -> 0 | AD4: =IF(S4=T4,"Agreement",IF(S4>T4,"Overestimation","Underestimation")) -> Agreement | AE4: 0 | AF4: 1 | AG4: 1 | AH4: =AE4-AG4 -> -1 | AI4: =IF(AE4=AG4,1,0) -> 0 | AJ4: =IF(AE4>AG4,1,0) -> 0 | AK4: =IF(AE4<AG4,1,0) -> 1 | AL4: =IF(AE4=AG4,"Agreement",IF(AE4>AG4,"Overestimation","Underestimation")) -> Underestimation | AM4: =AF4-AG4 -> 0 | AN4: =IF(AF4=AG4,1,0) -> 1 | AO4: =IF(AF4>AG4,1,0) -> 0 | AP4: =IF(AF4<AG4,1,0) -> 0 | AQ4: =IF(AF4=AG4,"Agreement",IF(AF4>AG4,"Overestimation","Underestimation")) -> Agreement | AR4: the case does not provide any infomation on therapy start and end date or on the event date, thus temporal and biological plausability can not be established. | AS4: the case does not provide any infomation on therapy start and end date or on the event date, thus temporal and biological plausability can not be established. | AT4: the case does not provide any infomation on therapy start and end date or on the event date, thus temporal and biological plausability can not be established. | AU4: ## Pair Assessment: XELJANZ vs Visual impairment **CrewAI Final Output:** ``` **Comprehensive Causality Assessment for Visual impairment Associated with XELJANZ** **FINAL PLAUSIBILITY RATING:** LOW **Detailed Causality Analysis:** 1. **Temporal Plausibility** The temporal relationship between the administration of XELJANZ and the onset of 'Visual impairment' cannot be assessed. Key data points, including the 'Therapy Start' date and the 'Event Date', are marked as 'MISSING' in the case metadata. Without this information, it is impossible to establish a reasonable time-to-onset or determine if the event occurred after the drug was initiated. This represents a significant weakness in the case for causality. 2. **Biological Plausibility** Based on the provided context, there is no information to support the biological plausibility of XELJANZ causing visual impairment. The literature summary, referencing a single article (PMID: 39976227), explicitly states that the article is a review of TNF inhibitors and contains "no clinical evidence, efficacy data, or safety data" regarding XELJANZ. Furthermore, the article does not mention "visual impairment" or related ocular events. Therefore, no known mechanism or clinical evidence from the provided materials links the drug to the event. 3. **Dechallenge/Rechallenge** The evidence from dechallenge and rechallenge does not support a causal association. The 'Dechallenge Result' is 'U' (Unknown), indicating that it is not known whether the patient's visual impairment improved or resolved after the drug was potentially stopped. The 'Rechallenge Result' is 'MISSING', meaning the patient was not re-exposed to the drug, or if they were, the outcome was not reported. This lack of positive dechallenge or rechallenge data fails to strengthen the case for causality. 4. **Objective Evidence** There is no objective evidence provided to support the diagnosis or the causal link. The report consists of the event term 'Visual impairment' without any accompanying clinical details, diagnostic test results (e.g., ophthalmologic exam findings, visual acuity measurements), or medical confirmation. The information is limited to a subjective report. 5. **Confounding Factors** Several significant confounding factors exist that provide strong alternative explanations for the event: * **Patient Age:** The patient is 70 years old, an age at which the incidence of various conditions causing visual impairment (e.g., cataracts, age-related macular degeneration, glaucoma) is high. * **Underlying Indication:** The patient was taking XELJANZ for 'Arthritis'. Certain types of inflammatory arthritis can have extra-articular manifestations, including ocular inflammation (e.g., uveitis, scleritis) that can lead to visual impairment. * **History of Similar Reactions:** The case metadata explicitly states 'History of Similar Reactions: Y'. This is a critical factor suggesting the patient has experienced similar episodes previously, which points towards a pre-existing or recurrent condition independent of XELJANZ therapy. * **Concurrent Medications:** While no concurrent medications were listed, the underlying disease and patient demographics are strong confounders. 6. **Synthesis and Final Assessment** The overall assessment indicates that a causal relationship between XELJANZ and 'Visual impairment' is unlikely. There is a complete lack of evidence supporting causality: the temporal relationship is unknown, no biological plausibility is provided in the supplied literature (PMID: 39976227), and the dechallenge/rechallenge results are uninformative. Conversely, there are compelling alternative explanations, including the patient's advanced age (70), the underlying 'Arthritis', and most significantly, a documented history of similar reactions. These factors strongly suggest an alternative etiology for the reported event. Therefore, the causality is rated as **LOW**. ``` | AV4: ## Pair Assessment: XELJANZ vs Visual impairment **CrewAI Final Output:** ``` **Comprehensive Causality Assessment for Visual impairment Associated with XELJANZ** **FINAL PLAUSIBILITY RATING:** LOW **Detailed Causality Analysis:** 1. **Temporal Plausibility** The temporal relationship between the administration of XELJANZ and the onset of 'Visual impairment' cannot be assessed. Key data points, including the 'Therapy Start' date and the 'Event Date', are marked as 'MISSING' in the case metadata. Without this information, it is impossible to establish a reasonable time-to-onset or determine if the event occurred after the drug was initiated. This represents a significant weakness in the case for causality. 2. **Biological Plausibility** Based on the provided context, there is no information to support the biological plausibility of XELJANZ causing visual impairment. The literature summary, referencing a single article (PMID: 39976227), explicitly states that the article is a review of TNF inhibitors and contains "no clinical evidence, efficacy data, or safety data" regarding XELJANZ. Furthermore, the article does not mention "visual impairment" or related ocular events. Therefore, no known mechanism or clinical evidence from the provided materials links the drug to the event. 3. **Dechallenge/Rechallenge** The evidence from dechallenge and rechallenge does not support a causal association. The 'Dechallenge Result' is 'U' (Unknown), indicating that it is not known whether the patient's visual impairment improved or resolved after the drug was potentially stopped. The 'Rechallenge Result' is 'MISSING', meaning the patient was not re-exposed to the drug, or if they were, the outcome was not reported. This lack of positive dechallenge or rechallenge data fails to strengthen the case for causality. 4. **Objective Evidence** There is no objective evidence provided to support the diagnosis or the causal link. The report consists of the event term 'Visual impairment' without any accompanying clinical details, diagnostic test results (e.g., ophthalmologic exam findings, visual acuity measurements), or medical confirmation. The information is limited to a subjective report. 5. **Confounding Factors** Several significant confounding factors exist that provide strong alternative explanations for the event: * **Patient Age:** The patient is 70 years old, an age at which the incidence of various conditions causing visual impairment (e.g., cataracts, age-related macular degeneration, glaucoma) is high. * **Underlying Indication:** The patient was taking XELJANZ for 'Arthritis'. Certain types of inflammatory arthritis can have extra-articular manifestations, including ocular inflammation (e.g., uveitis, scleritis) that can lead to visual impairment. * **History of Similar Reactions:** The case metadata explicitly states 'History of Similar Reactions: Y'. This is a critical factor suggesting the patient has experienced similar episodes previously, which points towards a pre-existing or recurrent condition independent of XELJANZ therapy. * **Concurrent Medications:** While no concurrent medications were listed, the underlying disease and patient demographics are strong confounders. 6. **Synthesis and Final Assessment** The overall assessment indicates that a causal relationship between XELJANZ and 'Visual impairment' is unlikely. There is a complete lack of evidence supporting causality: the temporal relationship is unknown, no biological plausibility is provided in the supplied literature (PMID: 39976227), and the dechallenge/rechallenge results are uninformative. Conversely, there are compelling alternative explanations, including the patient's advanced age (70), the underlying 'Arthritis', and most significantly, a documented history of similar reactions. These factors strongly suggest an alternative etiology for the reported event. Therefore, the causality is rated as **LOW**. ``` | AW4: Cataract, keratoconus, and other reported eye disorders represent plausible alternative explanations for visual impairment. | AX4: Visual impairment: Symptom - Visual impairment is a subjective experience reported by the patient regarding reduced vision quality, not directly observable or measurable without patient reporting. | AY4: Visual impairment: Sign - Visual impairment can be objectively measured through visual acuity tests or other assessments, making it a sign. | AZ4: since the intentional use is a clinical sign (as opposed to a symptom), it is assumed that the appropriate medical tests have been performed by a healthcare professional, prior to diagnosing. | BA4: Case ID: 180595396 Case Version: 6 FDA Code: F Event Date: NA Manufacture Date: 20250417 Initial FDA Date: 20200723 FDA Date: 20250424 Report Code: EXP Authorization Number: NA Manufacturer Number: US-PFIZER INC-2020280505 Manufacturer Sender: PFIZER Literature Reference: NA Age: 70 Age Code: YR Age Group: NA Sex: F E Sub: Y Weight: 69.85 Weight Code: KG Report Date: 20250424 To Manufacturer: NA Occupation Code: CN Reporter Country: US Occurrence Country: US Adverse Reaction(s): Visual impairment ; Cataract ; Drug dispensed to wrong patient ; Eye disorder ; Keratoconus Case ID Number: 18059539 Drug Sequence: 2 ; 1 Role Code: SS ; PS Drug Name: XELJANZ ; XELJANZ Product AI: XELJANZ ; XELJANZ Val VBM: 1 ; 1 Route: NA ; Oral Dose VBM: NA ; morning/evening Cumulative Dose (Char): NA ; NA Cumulative Dose (Unit): NA ; NA Dechal: U ; U Rechal: NA ; NA Lot Number: NA ; NA Expiration Date: NA ; NA NDA Number: 203214 ; 203214 Dose Amount: NA ; 5 Dose Unit: NA ; MG Dose Form: Tablet ; Tablet Dose Frequency: NA ; BID Indication for Use: Rheumatoid arthritis ; Arthritis Therapy Start Date: NA ; NA Therapy End Date: NA ; NA Duration: NA ; NA Duration Code: NA ; NA "
A5: 4 | B5: 194885198 | C5: General physical health deterioration | D5: AVASTIN | E5: 0 | F5: 0 | G5: 0 | H5: =E5-G5 -> 0 | I5: =IF(E5=G5,1,0) -> 1 | J5: =IF(E5>G5,1,0) -> 0 | K5: =IF(E5<G5,1,0) -> 0 | L5: =IF(E5=G5,"Agreement",IF(E5>G5,"Overestimation","Underestimation")) -> Agreement | M5: =F5-G5 -> 0 | N5: =IF(F5=G5,1,0) -> 1 | O5: =IF(F5>G5,1,0) -> 0 | P5: =IF(F5<G5,1,0) -> 0 | Q5: =IF(F5=G5,"Agreement",IF(F5>G5,"Overestimation","Underestimation")) -> Agreement | R5: -1 | S5: -1 | T5: -1 | U5: =R5-T5 -> 0 | V5: =IF(R5=T5,1,0) -> 1 | W5: =IF(R5>T5,1,0) -> 0 | X5: =IF(R5<T5,1,0) -> 0 | Y5: =IF(R5=T5,"Agreement",IF(R5>T5,"Overestimation","Underestimation")) -> Agreement | Z5: =S5-T5 -> 0 | AA5: =IF(S5=T5,1,0) -> 1 | AB5: =IF(S5>T5,1,0) -> 0 | AC5: =IF(S5<T5,1,0) -> 0 | AD5: =IF(S5=T5,"Agreement",IF(S5>T5,"Overestimation","Underestimation")) -> Agreement | AE5: 0 | AF5: 1 | AG5: 1 | AH5: =AE5-AG5 -> -1 | AI5: =IF(AE5=AG5,1,0) -> 0 | AJ5: =IF(AE5>AG5,1,0) -> 0 | AK5: =IF(AE5<AG5,1,0) -> 1 | AL5: =IF(AE5=AG5,"Agreement",IF(AE5>AG5,"Overestimation","Underestimation")) -> Underestimation | AM5: =AF5-AG5 -> 0 | AN5: =IF(AF5=AG5,1,0) -> 1 | AO5: =IF(AF5>AG5,1,0) -> 0 | AP5: =IF(AF5<AG5,1,0) -> 0 | AQ5: =IF(AF5=AG5,"Agreement",IF(AF5>AG5,"Overestimation","Underestimation")) -> Agreement | AR5: the case does not provide any infomation on therapy start and end date or on the event date, thus temporal and biological plausability can not be established. | AS5: the case does not provide any infomation on therapy start and end date or on the event date, thus temporal and biological plausability can not be established. | AT5: the case does not provide any infomation on therapy start and end date or on the event date, thus temporal and biological plausability can not be established. | AU5: ## Pair Assessment: AVASTIN vs General physical health deterioration **CrewAI Final Output:** ``` **Comprehensive Causality Assessment for General physical health deterioration Associated with AVASTIN** **FINAL PLAUSIBILITY RATING:** LOW **Detailed Causality Analysis:** 1. **Temporal Plausibility** The temporal relationship between the initiation of AVASTIN and the onset of the event is weak. The patient began therapy on 20160812 and the event of 'General physical health deterioration' was reported on 20210222, representing a latency period of approximately 4.5 years. While some adverse events can manifest after long-term treatment, this extended duration makes a direct, acute drug-induced event less likely. It is more suggestive of a gradual process, such as the progression of the underlying disease. 2. **Biological Plausibility** The provided context does not contain information on the mechanism of action (MOA) of AVASTIN (bevacizumab). 'General physical health deterioration' is a non-specific clinical sign that can result from numerous factors, most notably the progression of the patient's underlying rectal cancer. Without a described mechanism linking AVASTIN to such a non-specific, late-onset event, biological plausibility cannot be established from the available information. The event is more plausibly explained by cancer-related cachexia or disease progression. 3. **Dechallenge/Rechallenge** * **Dechallenge Result:** MISSING. It is unknown if AVASTIN was discontinued or the dose was reduced, and what effect this had on the patient's condition. * **Rechallenge Result:** MISSING. It is unknown if the patient was re-exposed to AVASTIN. The absence of dechallenge and rechallenge information is a significant limitation in this assessment, as it prevents observation of the event's response to drug withdrawal or reintroduction. 4. **Objective Evidence** The provided literature summary (PMID: 34295666) offers limited support. The study, a retrospective analysis of the FAERS database, found that AVASTIN in *combination* with a PD-(L)1 inhibitor was associated with a "significantly higher risk" of 'General physical health deterioration' compared to PD-(L)1 inhibitor monotherapy. However, this evidence is weakened by several factors: * The current case involves AVASTIN as a single agent, whereas the study assessed it in combination therapy. * The study population had non-small cell lung cancer (NSCLC), not rectal cancer. * The multivariate analysis within the study did not identify the combination therapy as an independent risk factor for 'General physical health deterioration', reducing the strength of the association. Therefore, the literature provides only a weak, indirect signal that does not directly apply to this case of monotherapy. 5. **Confounding Factors** There are significant confounding factors present: * **Underlying Disease:** The patient's indication for AVASTIN is rectal cancer. General physical health deterioration is a well-established and common manifestation of advanced or progressive malignancy. This represents a strong and highly plausible alternative cause for the reported event. * **History of Similar Reactions:** The case notes a "History of Similar Reactions: Y". Without details, this information is ambiguous. It could suggest a recurring drug sensitivity, but it is equally, if not more, likely to represent prior episodes of deterioration related to the underlying cancer. * **Concurrent Medications:** While listed as N/A, eliminating other drugs as confounders, the underlying disease itself is the most critical confounding factor. 6. **Synthesis and Final Assessment** The overall causality assessment is **LOW**. This conclusion is based on a weak temporal relationship given the 4.5-year latency, the absence of a described biological mechanism, and the complete lack of dechallenge/rechallenge data. The supporting literature (PMID: 34295666) is indirect and of limited applicability, as it pertains to combination therapy in a different patient population. Most importantly, a highly plausible and strong alternative explanation exists: the progression of the patient's underlying rectal cancer. The reported event is a characteristic feature of the natural history of this disease, especially after several years. The available evidence is insufficient to suggest that AVASTIN is a more likely cause than the disease itself. ``` | AV5: ## Pair Assessment: AVASTIN vs General physical health deterioration **CrewAI Final Output:** ``` **Comprehensive Causality Assessment for General physical health deterioration Associated with AVASTIN** **FINAL PLAUSIBILITY RATING:** LOW **Detailed Causality Analysis:** 1. **Temporal Plausibility** The temporal relationship between the initiation of AVASTIN and the onset of the event is weak. The patient began therapy on 20160812 and the event of 'General physical health deterioration' was reported on 20210222, representing a latency period of approximately 4.5 years. While some adverse events can manifest after long-term treatment, this extended duration makes a direct, acute drug-induced event less likely. It is more suggestive of a gradual process, such as the progression of the underlying disease. 2. **Biological Plausibility** The provided context does not contain information on the mechanism of action (MOA) of AVASTIN (bevacizumab). 'General physical health deterioration' is a non-specific clinical sign that can result from numerous factors, most notably the progression of the patient's underlying rectal cancer. Without a described mechanism linking AVASTIN to such a non-specific, late-onset event, biological plausibility cannot be established from the available information. The event is more plausibly explained by cancer-related cachexia or disease progression. 3. **Dechallenge/Rechallenge** * **Dechallenge Result:** MISSING. It is unknown if AVASTIN was discontinued or the dose was reduced, and what effect this had on the patient's condition. * **Rechallenge Result:** MISSING. It is unknown if the patient was re-exposed to AVASTIN. The absence of dechallenge and rechallenge information is a significant limitation in this assessment, as it prevents observation of the event's response to drug withdrawal or reintroduction. 4. **Objective Evidence** The provided literature summary (PMID: 34295666) offers limited support. The study, a retrospective analysis of the FAERS database, found that AVASTIN in *combination* with a PD-(L)1 inhibitor was associated with a "significantly higher risk" of 'General physical health deterioration' compared to PD-(L)1 inhibitor monotherapy. However, this evidence is weakened by several factors: * The current case involves AVASTIN as a single agent, whereas the study assessed it in combination therapy. * The study population had non-small cell lung cancer (NSCLC), not rectal cancer. * The multivariate analysis within the study did not identify the combination therapy as an independent risk factor for 'General physical health deterioration', reducing the strength of the association. Therefore, the literature provides only a weak, indirect signal that does not directly apply to this case of monotherapy. 5. **Confounding Factors** There are significant confounding factors present: * **Underlying Disease:** The patient's indication for AVASTIN is rectal cancer. General physical health deterioration is a well-established and common manifestation of advanced or progressive malignancy. This represents a strong and highly plausible alternative cause for the reported event. * **History of Similar Reactions:** The case notes a "History of Similar Reactions: Y". Without details, this information is ambiguous. It could suggest a recurring drug sensitivity, but it is equally, if not more, likely to represent prior episodes of deterioration related to the underlying cancer. * **Concurrent Medications:** While listed as N/A, eliminating other drugs as confounders, the underlying disease itself is the most critical confounding factor. 6. **Synthesis and Final Assessment** The overall causality assessment is **LOW**. This conclusion is based on a weak temporal relationship given the 4.5-year latency, the absence of a described biological mechanism, and the complete lack of dechallenge/rechallenge data. The supporting literature (PMID: 34295666) is indirect and of limited applicability, as it pertains to combination therapy in a different patient population. Most importantly, a highly plausible and strong alternative explanation exists: the progression of the patient's underlying rectal cancer. The reported event is a characteristic feature of the natural history of this disease, especially after several years. The available evidence is insufficient to suggest that AVASTIN is a more likely cause than the disease itself. ``` | AW5: Underlying rectal cancer with metastatic disease and surgeries represents a plausible alternative explanation for health deterioration. | AX5: General physical health deterioration: Symptom - This term describes a subjective decline in overall health status that is typically reported by the patient rather than objectively measured or observed by a clinician. | AY5: General physical health deterioration: Sign - General physical health deterioration is an objective assessment of decline in health status, often based on observable clinical findings such as weight loss, decreased mobility, or lab abnormalities. | AZ5: since the intentional use is a clinical sign (as opposed to a symptom), it is assumed that the appropriate medical tests have been performed by a healthcare professional, prior to diagnosing. | BA5: Case ID: 194885198 Case Version: 8 FDA Code: F Event Date: 20210222 Manufacture Date: 20250227 Initial FDA Date: 20210702 FDA Date: 20250310 Report Code: EXP Authorization Number: NA Manufacturer Number: CN-ROCHE-2856623 Manufacturer Sender: ROCHE Literature Reference: NA Age: 52 Age Code: YR Age Group: A Sex: F E Sub: Y Weight: 54 Weight Code: KG Report Date: 20250310 To Manufacturer: NA Occupation Code: CN Reporter Country: CN Occurrence Country: CN Adverse Reaction(s): Pulmonary mass ; Lung neoplasm ; Lung operation ; Surgery ; Metastases to lung ; General physical health deterioration ; Hepatectomy Case ID Number: 19488519 Drug Sequence: 1 ; 2 Role Code: PS ; SS Drug Name: AVASTIN ; AVASTIN Product AI: AVASTIN ; AVASTIN Val VBM: 1 ; 1 Route: Intravenous (not otherwise specified) ; Intravenous (not otherwise specified) Dose VBM: NA ; NA Cumulative Dose (Char): NA ; NA Cumulative Dose (Unit): NA ; NA Dechal: NA ; NA Rechal: NA ; NA Lot Number: Asked But Unknown ; Asked But Unknown Expiration Date: NA ; NA NDA Number: 125085 ; 125085 Dose Amount: 300 ; 400 Dose Unit: MG ; MG Dose Form: Solution for infusion ; Solution for infusion Dose Frequency: QOW ; Q3W Indication for Use: Rectal cancer ; Rectal cancer ; ; Therapy Start Date: 20160812 ; 20170411 Therapy End Date: NA ; NA Duration: NA ; NA Duration Code: NA ; NA
A6: 5 | B6: 199363053 | C6: General physical health deterioration | D6: SPINRAZA | E6: 0 | F6: 0 | G6: 0 | H6: =E6-G6 -> 0 | I6: =IF(E6=G6,1,0) -> 1 | J6: =IF(E6>G6,1,0) -> 0 | K6: =IF(E6<G6,1,0) -> 0 | L6: =IF(E6=G6,"Agreement",IF(E6>G6,"Overestimation","Underestimation")) -> Agreement | M6: =F6-G6 -> 0 | N6: =IF(F6=G6,1,0) -> 1 | O6: =IF(F6>G6,1,0) -> 0 | P6: =IF(F6<G6,1,0) -> 0 | Q6: =IF(F6=G6,"Agreement",IF(F6>G6,"Overestimation","Underestimation")) -> Agreement | R6: -1 | S6: -1 | T6: -1 | U6: =R6-T6 -> 0 | V6: =IF(R6=T6,1,0) -> 1 | W6: =IF(R6>T6,1,0) -> 0 | X6: =IF(R6<T6,1,0) -> 0 | Y6: =IF(R6=T6,"Agreement",IF(R6>T6,"Overestimation","Underestimation")) -> Agreement | Z6: =S6-T6 -> 0 | AA6: =IF(S6=T6,1,0) -> 1 | AB6: =IF(S6>T6,1,0) -> 0 | AC6: =IF(S6<T6,1,0) -> 0 | AD6: =IF(S6=T6,"Agreement",IF(S6>T6,"Overestimation","Underestimation")) -> Agreement | AE6: 0 | AF6: 1 | AG6: 1 | AH6: =AE6-AG6 -> -1 | AI6: =IF(AE6=AG6,1,0) -> 0 | AJ6: =IF(AE6>AG6,1,0) -> 0 | AK6: =IF(AE6<AG6,1,0) -> 1 | AL6: =IF(AE6=AG6,"Agreement",IF(AE6>AG6,"Overestimation","Underestimation")) -> Underestimation | AM6: =AF6-AG6 -> 0 | AN6: =IF(AF6=AG6,1,0) -> 1 | AO6: =IF(AF6>AG6,1,0) -> 0 | AP6: =IF(AF6<AG6,1,0) -> 0 | AQ6: =IF(AF6=AG6,"Agreement",IF(AF6>AG6,"Overestimation","Underestimation")) -> Agreement | AR6: the case does not provide any infomation on therapy start and end date or on the event date, thus temporal and biological plausability can not be established. | AS6: the case does not provide any infomation on therapy start and end date or on the event date, thus temporal and biological plausability can not be established. | AT6: the case does not provide any infomation on therapy start and end date or on the event date, thus temporal and biological plausability can not be established. | AU6: ## Pair Assessment: SPINRAZA vs General physical health deterioration **CrewAI Final Output:** ``` **Comprehensive Causality Assessment for General physical health deterioration Associated with SPINRAZA** **FINAL PLAUSIBILITY RATING:** LOW **Detailed Causality Analysis:** **1. Temporal Plausibility** The patient initiated SPINRAZA therapy on 2020-01-22 and the event, 'General physical health deterioration', was reported to have an onset date of 2021-01-01. The event occurred approximately 11 months after the initiation of therapy, while the patient was actively receiving the drug. Therapy continued for another 8 months after the event onset before being discontinued on 2021-08-30. While the event occurred during treatment, establishing a clear temporal relationship, the long latency period and the nature of the event in the context of the underlying disease weaken this association. **2. Biological Plausibility** The biological plausibility of SPINRAZA causing 'General physical health deterioration' is extremely low. The provided literature summary clearly outlines that SPINRAZA (nusinersen) is an antisense oligonucleotide designed to increase the production of functional Survival Motor Neuron (SMN) protein. The therapeutic goal and established mechanism of action are to halt or reverse the progressive muscle weakness and atrophy characteristic of Spinal Muscular Atrophy (SMA). Clinical evidence from pivotal trials (ENDEAR, CHERISH, NURTURE) consistently demonstrates that SPINRAZA prevents physical deterioration and often leads to significant improvements in motor function. The reported adverse event is the antithesis of the drug's known pharmacological effect. There is no published evidence suggesting a paradoxical effect or a mechanism by which SPINRAZA would cause the very condition it is intended to treat. **3. Dechallenge/Rechallenge** - **Dechallenge Result:** MISSING. The therapy was stopped on 2021-08-30, but the outcome of this dechallenge is not provided. It is unknown if the patient's condition improved, stabilized, or continued to decline after cessation of the drug. - **Rechallenge Result:** U (Unknown). The patient was not rechallenged with SPINRAZA. The lack of information from dechallenge and rechallenge means these criteria cannot be used to support or refute a causal relationship. **4. Objective Evidence** There is a significant lack of objective evidence to support a causal link. The event term 'General physical health deterioration' is a non-specific, subjective description. No objective clinical measures, such as motor function scores (e.g., HFMSE), were provided to quantify this deterioration. The literature search for 'SPINRAZA' and 'General physical health deterioration' yielded zero results, indicating an absence of published case reports or clinical studies documenting this specific association. Furthermore, the patient metadata includes a "History of Similar Reactions: Y," which strongly suggests that this type of deterioration has occurred previously, likely as a manifestation of the underlying disease. **5. Confounding Factors** The most significant confounding factor is the patient's indication for treatment: Spinal Muscular Atrophy (SMA). SMA is a progressive neurodegenerative disease defined by ongoing physical deterioration. The reported event is the primary symptom and natural course of the underlying illness. Therefore, it is highly probable that the event represents the progression of SMA itself, potentially due to a suboptimal response to therapy, rather than an adverse drug reaction. The patient's "History of Similar Reactions" further strengthens the likelihood that the event is a feature of their underlying condition. No concurrent medications were reported that could contribute to the event. **6. Synthesis and Final Assessment** The assessment of causality for 'General physical health deterioration' being caused by SPINRAZA is **LOW**. While a temporal association exists as the event occurred during treatment, this is the only factor weakly supporting causality. All other evidence points strongly against a causal relationship. The biological plausibility is extremely low, as the drug's mechanism of action is intended to prevent this exact outcome. There is no supportive literature, and the dechallenge/rechallenge data is uninformative. Most importantly, the patient's underlying disease, Spinal Muscular Atrophy, provides a compelling alternative explanation for the reported event, which aligns with the natural history of the condition and the patient's reported history of similar reactions. The event is best classified as a manifestation of disease progression rather than a drug-induced adverse event. ``` | AV6: ## Pair Assessment: SPINRAZA vs General physical health deterioration **CrewAI Final Output:** ``` **Comprehensive Causality Assessment for General physical health deterioration Associated with SPINRAZA** **FINAL PLAUSIBILITY RATING:** LOW **Detailed Causality Analysis:** **1. Temporal Plausibility** The patient initiated SPINRAZA therapy on 2020-01-22 and the event, 'General physical health deterioration', was reported to have an onset date of 2021-01-01. The event occurred approximately 11 months after the initiation of therapy, while the patient was actively receiving the drug. Therapy continued for another 8 months after the event onset before being discontinued on 2021-08-30. While the event occurred during treatment, establishing a clear temporal relationship, the long latency period and the nature of the event in the context of the underlying disease weaken this association. **2. Biological Plausibility** The biological plausibility of SPINRAZA causing 'General physical health deterioration' is extremely low. The provided literature summary clearly outlines that SPINRAZA (nusinersen) is an antisense oligonucleotide designed to increase the production of functional Survival Motor Neuron (SMN) protein. The therapeutic goal and established mechanism of action are to halt or reverse the progressive muscle weakness and atrophy characteristic of Spinal Muscular Atrophy (SMA). Clinical evidence from pivotal trials (ENDEAR, CHERISH, NURTURE) consistently demonstrates that SPINRAZA prevents physical deterioration and often leads to significant improvements in motor function. The reported adverse event is the antithesis of the drug's known pharmacological effect. There is no published evidence suggesting a paradoxical effect or a mechanism by which SPINRAZA would cause the very condition it is intended to treat. **3. Dechallenge/Rechallenge** - **Dechallenge Result:** MISSING. The therapy was stopped on 2021-08-30, but the outcome of this dechallenge is not provided. It is unknown if the patient's condition improved, stabilized, or continued to decline after cessation of the drug. - **Rechallenge Result:** U (Unknown). The patient was not rechallenged with SPINRAZA. The lack of information from dechallenge and rechallenge means these criteria cannot be used to support or refute a causal relationship. **4. Objective Evidence** There is a significant lack of objective evidence to support a causal link. The event term 'General physical health deterioration' is a non-specific, subjective description. No objective clinical measures, such as motor function scores (e.g., HFMSE), were provided to quantify this deterioration. The literature search for 'SPINRAZA' and 'General physical health deterioration' yielded zero results, indicating an absence of published case reports or clinical studies documenting this specific association. Furthermore, the patient metadata includes a "History of Similar Reactions: Y," which strongly suggests that this type of deterioration has occurred previously, likely as a manifestation of the underlying disease. **5. Confounding Factors** The most significant confounding factor is the patient's indication for treatment: Spinal Muscular Atrophy (SMA). SMA is a progressive neurodegenerative disease defined by ongoing physical deterioration. The reported event is the primary symptom and natural course of the underlying illness. Therefore, it is highly probable that the event represents the progression of SMA itself, potentially due to a suboptimal response to therapy, rather than an adverse drug reaction. The patient's "History of Similar Reactions" further strengthens the likelihood that the event is a feature of their underlying condition. No concurrent medications were reported that could contribute to the event. **6. Synthesis and Final Assessment** The assessment of causality for 'General physical health deterioration' being caused by SPINRAZA is **LOW**. While a temporal association exists as the event occurred during treatment, this is the only factor weakly supporting causality. All other evidence points strongly against a causal relationship. The biological plausibility is extremely low, as the drug's mechanism of action is intended to prevent this exact outcome. There is no supportive literature, and the dechallenge/rechallenge data is uninformative. Most importantly, the patient's underlying disease, Spinal Muscular Atrophy, provides a compelling alternative explanation for the reported event, which aligns with the natural history of the condition and the patient's reported history of similar reactions. The event is best classified as a manifestation of disease progression rather than a drug-induced adverse event. ``` | AW6: Underlying spinal muscular atrophy represents a plausible alternative explanation for progressive health deterioration. | AX6: General physical health deterioration: Symptom - This term describes a subjective decline in overall health status that is typically reported by the patient rather than objectively measured or observed by a clinician. | AY6: General physical health deterioration: Sign - General physical health deterioration is an objective assessment of decline in health status, often based on observable clinical findings such as weight loss, decreased mobility, or lab abnormalities. | AZ6: since the intentional use is a clinical sign (as opposed to a symptom), it is assumed that the appropriate medical tests have been performed by a healthcare professional, prior to diagnosing. | BA6: Case ID: 199363053 Case Version: 3 FDA Code: F Event Date: 20210101 Manufacture Date: 20250130 Initial FDA Date: 20211008 FDA Date: 20250206 Report Code: PER Authorization Number: NA Manufacturer Number: US-BIOGEN-2021BI01056255 Manufacturer Sender: BIOGEN Literature Reference: NA Age: NA Age Code: NA Age Group: NA Sex: F E Sub: Y Weight: NA Weight Code: NA Report Date: 20250206 To Manufacturer: NA Occupation Code: CN Reporter Country: US Occurrence Country: US Adverse Reaction(s): Vitamin D abnormal ; Blood iron abnormal ; Weight increased ; General physical health deterioration ; Alopecia Case ID Number: 19936305 Drug Sequence: 1 ; 2 Role Code: PS ; SS Drug Name: SPINRAZA ; SPINRAZA Product AI: SPINRAZA ; SPINRAZA Val VBM: 1 ; 1 Route: Other ; Other Dose VBM: NA ; NA Cumulative Dose (Char): NA ; NA Cumulative Dose (Unit): NA ; NA Dechal: NA ; NA Rechal: U ; U Lot Number: NA ; NA Expiration Date: NA ; NA NDA Number: 209531 ; 209531 Dose Amount: NA ; NA Dose Unit: NA ; NA Dose Form: Unknown ; Unknown Dose Frequency: NA ; NA Indication for Use: Spinal muscular atrophy ; Spinal muscular atrophy ; ; Therapy Start Date: 20200122 ; 20200122 Therapy End Date: 20210830 ; NA Duration: NA ; NA Duration Code: NA ; NA
A7: 6 | B7: 204860093 | C7: Condition aggravated | D7: CLONAZEPAM | E7: 0 | F7: 0 | G7: 0 | H7: =E7-G7 -> 0 | I7: =IF(E7=G7,1,0) -> 1 | J7: =IF(E7>G7,1,0) -> 0 | K7: =IF(E7<G7,1,0) -> 0 | L7: =IF(E7=G7,"Agreement",IF(E7>G7,"Overestimation","Underestimation")) -> Agreement | M7: =F7-G7 -> 0 | N7: =IF(F7=G7,1,0) -> 1 | O7: =IF(F7>G7,1,0) -> 0 | P7: =IF(F7<G7,1,0) -> 0 | Q7: =IF(F7=G7,"Agreement",IF(F7>G7,"Overestimation","Underestimation")) -> Agreement | R7: -1 | S7: -1 | T7: -1 | U7: =R7-T7 -> 0 | V7: =IF(R7=T7,1,0) -> 1 | W7: =IF(R7>T7,1,0) -> 0 | X7: =IF(R7<T7,1,0) -> 0 | Y7: =IF(R7=T7,"Agreement",IF(R7>T7,"Overestimation","Underestimation")) -> Agreement | Z7: =S7-T7 -> 0 | AA7: =IF(S7=T7,1,0) -> 1 | AB7: =IF(S7>T7,1,0) -> 0 | AC7: =IF(S7<T7,1,0) -> 0 | AD7: =IF(S7=T7,"Agreement",IF(S7>T7,"Overestimation","Underestimation")) -> Agreement | AE7: 0 | AF7: 1 | AG7: 1 | AH7: =AE7-AG7 -> -1 | AI7: =IF(AE7=AG7,1,0) -> 0 | AJ7: =IF(AE7>AG7,1,0) -> 0 | AK7: =IF(AE7<AG7,1,0) -> 1 | AL7: =IF(AE7=AG7,"Agreement",IF(AE7>AG7,"Overestimation","Underestimation")) -> Underestimation | AM7: =AF7-AG7 -> 0 | AN7: =IF(AF7=AG7,1,0) -> 1 | AO7: =IF(AF7>AG7,1,0) -> 0 | AP7: =IF(AF7<AG7,1,0) -> 0 | AQ7: =IF(AF7=AG7,"Agreement",IF(AF7>AG7,"Overestimation","Underestimation")) -> Agreement | AR7: the case does not provide any infomation on therapy start and end date or on the event date, thus temporal and biological plausability can not be established. | AS7: the case does not provide any infomation on therapy start and end date or on the event date, thus temporal and biological plausability can not be established. | AT7: the case does not provide any infomation on therapy start and end date or on the event date, thus temporal and biological plausability can not be established. | AU7: ## Pair Assessment: CLONAZEPAM vs Condition aggravated **CrewAI Final Output:** ``` **Comprehensive Causality Assessment for Condition aggravated Associated with CLONAZEPAM** **FINAL PLAUSIBILITY RATING:** LOW **Detailed Causality Analysis:** 1. **Temporal Plausibility** The temporal relationship between the administration of CLONAZEPAM and the onset of 'Condition aggravated' cannot be assessed. Key data points, including the Therapy Start date, Therapy End date, and the Event Date, are all marked as MISSING. Without this information, it is impossible to establish a plausible time-to-onset or determine if the event occurred during active treatment. This represents a significant weakness in the case. 2. **Biological Plausibility** The biological plausibility is weak. CLONAZEPAM is a benzodiazepine that enhances GABAergic inhibition in the CNS, leading to sedation, muscle relaxation, and anxiolysis. While its known side effects, such as sedation, ataxia, or muscle weakness, could theoretically be perceived as a worsening of motor symptoms in a patient with Parkinson's disease, the term 'Condition aggravated' is non-specific. The provided literature summary (PMID: 11157026) offers no support for this association; it explicitly states that the abstract contains no evidence that clonazepam aggravated any condition. The patient's reported history of similar reactions ('Y') suggests a potential susceptibility, but lacks specific details to be weighted heavily. 3. **Dechallenge/Rechallenge** The effect of drug withdrawal (dechallenge) or re-administration (rechallenge) is unknown. The case metadata explicitly states that the Dechallenge Result is MISSING and the Rechallenge Result is MISSING. The absence of this critical information prevents an assessment of whether the event abated upon stopping the drug or recurred upon its reintroduction, which are key indicators of a causal link. 4. **Objective Evidence** There is no objective evidence provided to support a causal association. The assessment relies solely on the reporter's subjective term 'Condition aggravated'. No clinical scales (e.g., UPDRS), physician's notes, or diagnostic test results are available. Furthermore, the single literature source provided (PMID: 11157026) does not contain any evidence linking CLONAZEPAM to the aggravation of an underlying condition. 5. **Confounding Factors** There are significant confounding factors present. * **Underlying Disease:** The patient's indication for CLONAZEPAM is Parkinson's disease, which is a progressive neurodegenerative disorder. The event 'Condition aggravated' could very likely represent the natural, expected progression of the disease itself, independent of any drug therapy. * **Concurrent Medication:** The patient was concurrently taking NOURIANZ, another medication indicated for Parkinson's disease. The event could be attributed to the effects (or lack of efficacy) of NOURIANZ, the progression of the disease despite treatment, or a potential drug-drug interaction. 6. **Synthesis and Final Assessment** The overall causality assessment for CLONAZEPAM causing 'Condition aggravated' is **LOW**. This conclusion is based on a profound lack of supporting evidence. A temporal relationship cannot be established due to missing dates. The provided literature (PMID: 11157026) does not support the association. Crucial data from dechallenge/rechallenge are absent. Most importantly, strong confounding factors exist, including the natural progression of the patient's underlying Parkinson's disease and the concurrent use of another medication (NOURIANZ) for the same condition. The only element suggesting a link is the patient's history of similar reactions, which is insufficient to overcome the numerous and significant weaknesses of this case. ``` | AV7: ## Pair Assessment: CLONAZEPAM vs Condition aggravated **CrewAI Final Output:** ``` **Comprehensive Causality Assessment for Condition aggravated Associated with CLONAZEPAM** **FINAL PLAUSIBILITY RATING:** LOW **Detailed Causality Analysis:** 1. **Temporal Plausibility** The temporal relationship between the administration of CLONAZEPAM and the onset of 'Condition aggravated' cannot be assessed. Key data points, including the Therapy Start date, Therapy End date, and the Event Date, are all marked as MISSING. Without this information, it is impossible to establish a plausible time-to-onset or determine if the event occurred during active treatment. This represents a significant weakness in the case. 2. **Biological Plausibility** The biological plausibility is weak. CLONAZEPAM is a benzodiazepine that enhances GABAergic inhibition in the CNS, leading to sedation, muscle relaxation, and anxiolysis. While its known side effects, such as sedation, ataxia, or muscle weakness, could theoretically be perceived as a worsening of motor symptoms in a patient with Parkinson's disease, the term 'Condition aggravated' is non-specific. The provided literature summary (PMID: 11157026) offers no support for this association; it explicitly states that the abstract contains no evidence that clonazepam aggravated any condition. The patient's reported history of similar reactions ('Y') suggests a potential susceptibility, but lacks specific details to be weighted heavily. 3. **Dechallenge/Rechallenge** The effect of drug withdrawal (dechallenge) or re-administration (rechallenge) is unknown. The case metadata explicitly states that the Dechallenge Result is MISSING and the Rechallenge Result is MISSING. The absence of this critical information prevents an assessment of whether the event abated upon stopping the drug or recurred upon its reintroduction, which are key indicators of a causal link. 4. **Objective Evidence** There is no objective evidence provided to support a causal association. The assessment relies solely on the reporter's subjective term 'Condition aggravated'. No clinical scales (e.g., UPDRS), physician's notes, or diagnostic test results are available. Furthermore, the single literature source provided (PMID: 11157026) does not contain any evidence linking CLONAZEPAM to the aggravation of an underlying condition. 5. **Confounding Factors** There are significant confounding factors present. * **Underlying Disease:** The patient's indication for CLONAZEPAM is Parkinson's disease, which is a progressive neurodegenerative disorder. The event 'Condition aggravated' could very likely represent the natural, expected progression of the disease itself, independent of any drug therapy. * **Concurrent Medication:** The patient was concurrently taking NOURIANZ, another medication indicated for Parkinson's disease. The event could be attributed to the effects (or lack of efficacy) of NOURIANZ, the progression of the disease despite treatment, or a potential drug-drug interaction. 6. **Synthesis and Final Assessment** The overall causality assessment for CLONAZEPAM causing 'Condition aggravated' is **LOW**. This conclusion is based on a profound lack of supporting evidence. A temporal relationship cannot be established due to missing dates. The provided literature (PMID: 11157026) does not support the association. Crucial data from dechallenge/rechallenge are absent. Most importantly, strong confounding factors exist, including the natural progression of the patient's underlying Parkinson's disease and the concurrent use of another medication (NOURIANZ) for the same condition. The only element suggesting a link is the patient's history of similar reactions, which is insufficient to overcome the numerous and significant weaknesses of this case. ``` | AW7: Underlying Parkinson’s disease and the reported product dose omission issue may plausibly contribute to worsening of the condition. | AX7: Condition aggravated: Symptom - Condition aggravated refers to the worsening of a pre-existing medical condition, which is typically reported subjectively by the patient or inferred from their reported experiences rather than being an objective, measurable finding. | AY7: Condition aggravated: Sign - Condition aggravated is an objective assessment of worsening of a pre-existing condition, typically based on clinical evaluation or measurable parameters. | AZ7: since the intentional use is a clinical sign (as opposed to a symptom), it is assumed that the appropriate medical tests have been performed by a healthcare professional, prior to diagnosing. | BA7: Case ID: 204860093 Case Version: 3 FDA Code: F Event Date: NA Manufacture Date: 20250114 Initial FDA Date: 20220217 FDA Date: 20250116 Report Code: EXP Authorization Number: NA Manufacturer Number: US-KYOWAKIRIN-2022BKK001731 Manufacturer Sender: KYOWA Literature Reference: NA Age: NA Age Code: NA Age Group: NA Sex: NA E Sub: Y Weight: NA Weight Code: NA Report Date: 20250116 To Manufacturer: NA Occupation Code: CN Reporter Country: US Occurrence Country: US Adverse Reaction(s): Product dose omission issue ; Condition aggravated ; Muscular weakness Case ID Number: 20486009 Drug Sequence: 2 ; 1 Role Code: C ; PS Drug Name: CLONAZEPAM ; NOURIANZ Product AI: CLONAZEPAM ; NOURIANZ Val VBM: 1 ; 1 Route: Unknown ; Oral Dose VBM: 0.5 mg ; 20 mg, qd Cumulative Dose (Char): NA ; NA Cumulative Dose (Unit): NA ; NA Dechal: NA ; NA Rechal: NA ; NA Lot Number: NA ; NA Expiration Date: NA ; NA NDA Number: NA ; 22075 Dose Amount: 0.5 ; 20 Dose Unit: MG ; MG Dose Form: Tablet ; Tablet Dose Frequency: NA ; QD Indication for Use: Parkinson's disease ; Parkinson's disease ; Product used for unknown indication Therapy Start Date: NA ; 20201014 Therapy End Date: NA ; NA Duration: NA ; NA Duration Code: NA ; NA
A8: 7 | B8: 206654533 | C8: Visual impairment | D8: POMALYST | E8: 0 | F8: 0 | G8: 0 | H8: =E8-G8 -> 0 | I8: =IF(E8=G8,1,0) -> 1 | J8: =IF(E8>G8,1,0) -> 0 | K8: =IF(E8<G8,1,0) -> 0 | L8: =IF(E8=G8,"Agreement",IF(E8>G8,"Overestimation","Underestimation")) -> Agreement | M8: =F8-G8 -> 0 | N8: =IF(F8=G8,1,0) -> 1 | O8: =IF(F8>G8,1,0) -> 0 | P8: =IF(F8<G8,1,0) -> 0 | Q8: =IF(F8=G8,"Agreement",IF(F8>G8,"Overestimation","Underestimation")) -> Agreement | R8: -1 | S8: -1 | T8: -1 | U8: =R8-T8 -> 0 | V8: =IF(R8=T8,1,0) -> 1 | W8: =IF(R8>T8,1,0) -> 0 | X8: =IF(R8<T8,1,0) -> 0 | Y8: =IF(R8=T8,"Agreement",IF(R8>T8,"Overestimation","Underestimation")) -> Agreement | Z8: =S8-T8 -> 0 | AA8: =IF(S8=T8,1,0) -> 1 | AB8: =IF(S8>T8,1,0) -> 0 | AC8: =IF(S8<T8,1,0) -> 0 | AD8: =IF(S8=T8,"Agreement",IF(S8>T8,"Overestimation","Underestimation")) -> Agreement | AE8: 0 | AF8: 1 | AG8: 1 | AH8: =AE8-AG8 -> -1 | AI8: =IF(AE8=AG8,1,0) -> 0 | AJ8: =IF(AE8>AG8,1,0) -> 0 | AK8: =IF(AE8<AG8,1,0) -> 1 | AL8: =IF(AE8=AG8,"Agreement",IF(AE8>AG8,"Overestimation","Underestimation")) -> Underestimation | AM8: =AF8-AG8 -> 0 | AN8: =IF(AF8=AG8,1,0) -> 1 | AO8: =IF(AF8>AG8,1,0) -> 0 | AP8: =IF(AF8<AG8,1,0) -> 0 | AQ8: =IF(AF8=AG8,"Agreement",IF(AF8>AG8,"Overestimation","Underestimation")) -> Agreement | AR8: the case does not provide any infomation on therapy start and end date or on the event date, thus temporal and biological plausability can not be established. | AS8: the case does not provide any infomation on therapy start and end date or on the event date, thus temporal and biological plausability can not be established. | AT8: the case does not provide any infomation on therapy start and end date or on the event date, thus temporal and biological plausability can not be established. | AU8: ## Pair Assessment: POMALYST vs Visual impairment **CrewAI Final Output:** ``` **Comprehensive Causality Assessment for Visual impairment Associated with POMALYST** **FINAL PLAUSIBILITY RATING:** LOW **Detailed Causality Analysis:** 1. **Temporal Plausibility** The patient, an 80-year-old female, initiated therapy with POMALYST on January 19, 2022. The 'Visual impairment' event was reported on June 4, 2022, approximately 4.5 months after the start of treatment. This timeframe is plausible for the development of a drug-related adverse event. Therefore, a temporal relationship exists, which is a necessary but not sufficient criterion for causality. 2. **Biological Plausibility** Based on the provided literature summary, there is no known or described mechanism of action by which POMALYST (pomalidomide) would cause visual impairment. The literature context suggests that in a reported case, visual impairment was a symptom of the underlying disease being treated, not a side effect of the drug. The absence of a known biological mechanism significantly weakens the argument for a causal relationship. 3. **Dechallenge/Rechallenge** The case metadata explicitly states "Dechallenge Result: MISSING" and "Rechallenge Result: MISSING". No information was provided regarding the effect of stopping (dechallenge) or re-introducing (rechallenge) POMALYST on the patient's visual impairment. The absence of this information prevents a full assessment of this criterion and weakens the case for causality. 4. **Objective Evidence** The provided clinical evidence summary, referencing PMID: 32142176, does not support a causal link between POMALYST and visual impairment. The summary states that the article describes a patient whose visual impairment was a pre-existing symptom caused by hyperviscosity syndrome secondary to IgM multiple myeloma. In that case, POMALYST was administered as part of a therapeutic regimen to treat the underlying disease that was the root cause of the visual symptoms. Therefore, the available literature does not establish causality and instead provides an alternative explanation for the event. 5. **Confounding Factors** Several significant confounding factors are present: * **Underlying Disease:** The patient's indication for POMALYST is "Plasma cell myeloma". As highlighted in the literature summary (PMID: 32142176), myeloma can lead to hyperviscosity syndrome, which is a known cause of visual impairment. The patient's underlying disease is a highly plausible alternative cause for the reported event. * **History of Similar Reactions:** The metadata indicates a "History of Similar Reactions: Y". This strongly suggests the patient experienced visual issues previously, making it more likely that the event is a manifestation or progression of a pre-existing or underlying condition rather than a new, drug-induced event. * **Patient Age:** At 80 years old, the patient is at an increased risk for various age-related ophthalmologic conditions that could cause or contribute to visual impairment. 6. **Synthesis and Final Assessment** The only factor supporting a causal relationship is the temporal association, where the event occurred after the initiation of POMALYST. However, this is strongly outweighed by evidence against causality. There is no known biological mechanism for POMALYST to cause visual impairment. The provided literature (PMID: 32142176) does not support causality. Most importantly, there are strong confounding factors, including the patient's underlying plasma cell myeloma (a known cause of the event), advanced age, and a reported history of similar reactions. The lack of dechallenge/rechallenge information further weakens the case. The evidence strongly suggests that the visual impairment is likely related to the patient's underlying disease rather than the drug. Therefore, the causality is assessed as unlikely. ``` | AV8: ## Pair Assessment: POMALYST vs Visual impairment **CrewAI Final Output:** ``` **Comprehensive Causality Assessment for Visual impairment Associated with POMALYST** **FINAL PLAUSIBILITY RATING:** LOW **Detailed Causality Analysis:** 1. **Temporal Plausibility** The patient, an 80-year-old female, initiated therapy with POMALYST on January 19, 2022. The 'Visual impairment' event was reported on June 4, 2022, approximately 4.5 months after the start of treatment. This timeframe is plausible for the development of a drug-related adverse event. Therefore, a temporal relationship exists, which is a necessary but not sufficient criterion for causality. 2. **Biological Plausibility** Based on the provided literature summary, there is no known or described mechanism of action by which POMALYST (pomalidomide) would cause visual impairment. The literature context suggests that in a reported case, visual impairment was a symptom of the underlying disease being treated, not a side effect of the drug. The absence of a known biological mechanism significantly weakens the argument for a causal relationship. 3. **Dechallenge/Rechallenge** The case metadata explicitly states "Dechallenge Result: MISSING" and "Rechallenge Result: MISSING". No information was provided regarding the effect of stopping (dechallenge) or re-introducing (rechallenge) POMALYST on the patient's visual impairment. The absence of this information prevents a full assessment of this criterion and weakens the case for causality. 4. **Objective Evidence** The provided clinical evidence summary, referencing PMID: 32142176, does not support a causal link between POMALYST and visual impairment. The summary states that the article describes a patient whose visual impairment was a pre-existing symptom caused by hyperviscosity syndrome secondary to IgM multiple myeloma. In that case, POMALYST was administered as part of a therapeutic regimen to treat the underlying disease that was the root cause of the visual symptoms. Therefore, the available literature does not establish causality and instead provides an alternative explanation for the event. 5. **Confounding Factors** Several significant confounding factors are present: * **Underlying Disease:** The patient's indication for POMALYST is "Plasma cell myeloma". As highlighted in the literature summary (PMID: 32142176), myeloma can lead to hyperviscosity syndrome, which is a known cause of visual impairment. The patient's underlying disease is a highly plausible alternative cause for the reported event. * **History of Similar Reactions:** The metadata indicates a "History of Similar Reactions: Y". This strongly suggests the patient experienced visual issues previously, making it more likely that the event is a manifestation or progression of a pre-existing or underlying condition rather than a new, drug-induced event. * **Patient Age:** At 80 years old, the patient is at an increased risk for various age-related ophthalmologic conditions that could cause or contribute to visual impairment. 6. **Synthesis and Final Assessment** The only factor supporting a causal relationship is the temporal association, where the event occurred after the initiation of POMALYST. However, this is strongly outweighed by evidence against causality. There is no known biological mechanism for POMALYST to cause visual impairment. The provided literature (PMID: 32142176) does not support causality. Most importantly, there are strong confounding factors, including the patient's underlying plasma cell myeloma (a known cause of the event), advanced age, and a reported history of similar reactions. The lack of dechallenge/rechallenge information further weakens the case. The evidence strongly suggests that the visual impairment is likely related to the patient's underlying disease rather than the drug. Therefore, the causality is assessed as unlikely. ``` | AW8: Patient age (80 years) represents a plausible alternative explanation for visual impairment independent of pomalidomide exposure. | AX8: Visual impairment: Symptom - Visual impairment is a subjective experience reported by the patient regarding reduced vision quality, not directly observable or measurable without patient input, making it a symptom rather than an objective sign. | AY8: Visual impairment: Sign - Visual impairment can be objectively measured through visual acuity tests or other assessments, making it a sign. | AZ8: since the intentional use is a clinical sign (as opposed to a symptom), it is assumed that the appropriate medical tests have been performed by a healthcare professional, prior to diagnosing. | BA8: Case ID: 206654533 Case Version: 3 FDA Code: F Event Date: 20220604 Manufacture Date: 20220608 Initial FDA Date: 20220402 FDA Date: 20250128 Report Code: PER Authorization Number: NA Manufacturer Number: US-BRISTOL-MYERS SQUIBB COMPANY-2022-012281 Manufacturer Sender: BRISTOL-MYERS SQUIBB COMPANY Literature Reference: NA Age: 80 Age Code: YR Age Group: E Sex: F E Sub: Y Weight: NA Weight Code: NA Report Date: 20250128 To Manufacturer: NA Occupation Code: CN Reporter Country: US Occurrence Country: US Adverse Reaction(s): Nausea ; Fatigue ; Oropharyngeal pain ; Visual impairment ; Dysphonia ; Dyspnoea Case ID Number: 20665453 Drug Sequence: 1 Role Code: PS Drug Name: POMALYST Product AI: POMALYST Val VBM: 1 Route: Oral Dose VBM: 4 milligram Cumulative Dose (Char): NA Cumulative Dose (Unit): NA Dechal: NA Rechal: NA Lot Number: C2453A, C2469A Expiration Date: NA NDA Number: NA Dose Amount: 4 Dose Unit: MG Dose Form: Unknown Dose Frequency: QD Indication for Use: Plasma cell myeloma ; Plasma cell myeloma Therapy Start Date: 20220119 Therapy End Date: NA Duration: NA Duration Code: NA
A9: 8 | B9: 208600024 | C9: Product use issue | D9: TEDUGLUTIDE | E9: 0 | F9: 0 | G9: 0 | H9: =E9-G9 -> 0 | I9: =IF(E9=G9,1,0) -> 1 | J9: =IF(E9>G9,1,0) -> 0 | K9: =IF(E9<G9,1,0) -> 0 | L9: =IF(E9=G9,"Agreement",IF(E9>G9,"Overestimation","Underestimation")) -> Agreement | M9: =F9-G9 -> 0 | N9: =IF(F9=G9,1,0) -> 1 | O9: =IF(F9>G9,1,0) -> 0 | P9: =IF(F9<G9,1,0) -> 0 | Q9: =IF(F9=G9,"Agreement",IF(F9>G9,"Overestimation","Underestimation")) -> Agreement | R9: -1 | S9: -1 | T9: 2 | U9: =R9-T9 -> -3 | V9: =IF(R9=T9,1,0) -> 0 | W9: =IF(R9>T9,1,0) -> 0 | X9: =IF(R9<T9,1,0) -> 1 | Y9: =IF(R9=T9,"Agreement",IF(R9>T9,"Overestimation","Underestimation")) -> Underestimation | Z9: =S9-T9 -> -3 | AA9: =IF(S9=T9,1,0) -> 0 | AB9: =IF(S9>T9,1,0) -> 0 | AC9: =IF(S9<T9,1,0) -> 1 | AD9: =IF(S9=T9,"Agreement",IF(S9>T9,"Overestimation","Underestimation")) -> Underestimation | AE9: 0 | AF9: 1 | AG9: 1 | AH9: =AE9-AG9 -> -1 | AI9: =IF(AE9=AG9,1,0) -> 0 | AJ9: =IF(AE9>AG9,1,0) -> 0 | AK9: =IF(AE9<AG9,1,0) -> 1 | AL9: =IF(AE9=AG9,"Agreement",IF(AE9>AG9,"Overestimation","Underestimation")) -> Underestimation | AM9: =AF9-AG9 -> 0 | AN9: =IF(AF9=AG9,1,0) -> 1 | AO9: =IF(AF9>AG9,1,0) -> 0 | AP9: =IF(AF9<AG9,1,0) -> 0 | AQ9: =IF(AF9=AG9,"Agreement",IF(AF9>AG9,"Overestimation","Underestimation")) -> Agreement | AR9: the case does not provide any infomation on therapy start and end date or on the event date, thus temporal and biological plausability can not be established. | AS9: the case does not provide any infomation on therapy start and end date or on the event date, thus temporal and biological plausability can not be established. | AT9: the case does not provide any infomation on therapy start and end date or on the event date, thus temporal and biological plausability can not be established. | AU9: ## Pair Assessment: TEDUGLUTIDE vs Product use issue **CrewAI Final Output:** ``` **Comprehensive Causality Assessment for Product use issue Associated with TEDUGLUTIDE** **FINAL PLAUSIBILITY RATING:** HIGH **Detailed Causality Analysis:** 1. **Temporal Plausibility** The therapy start date is missing, which prevents a precise calculation of the time to onset. However, the event term 'Product use issue' inherently implies that the event occurred at the time of product preparation or administration on the reported event date of 28-Apr-2022. Therefore, a direct temporal relationship is assumed and considered plausible. 2. **Biological Plausibility** While 'Product use issue' is not a physiological adverse reaction linked to the drug's mechanism of action, there is high pharmaceutical plausibility. The provided literature summary explicitly states that Teduglutide is supplied as a lyophilized powder that must be reconstituted before subcutaneous injection. This multi-step process is described as a practical challenge that "can be prone to user error if training is inadequate." Therefore, it is highly plausible that the product's specific formulation and administration requirements could lead to a use-related issue. 3. **Dechallenge/Rechallenge** The results for both dechallenge and rechallenge are reported as 'U' (Unknown). Consequently, the effect of stopping or re-introducing the drug on the event cannot be evaluated and does not contribute to this causality assessment. 4. **Objective Evidence** The case involves a 14-year-old male patient. The most significant piece of objective evidence is the patient's reported "History of Similar Reactions: Y" (Yes). This indicates that the 'Product use issue' is a recurring problem for this patient, strengthening the association with the specific requirements of using Teduglutide. This is further supported by the literature summary, which identifies administration challenges, specifically the reconstitution process, as a known issue with this product. 5. **Confounding Factors** The patient was not on any concurrent medications, eliminating the possibility of a drug-drug interaction or confusion with another product's administration process. No other alternative causes or confounding diseases are mentioned. The event is intrinsically linked to the act of using the product itself, making external confounding factors unlikely. 6. **Synthesis and Final Assessment** The reported event, 'Product use issue', is strongly associated with the known characteristics of Teduglutide. The product's formulation as a lyophilized powder requiring a multi-step reconstitution process is a well-documented practical challenge prone to user error. This is strongly supported by the provided literature summary. The patient's history of similar reactions confirms that this is a recurring issue, rather than an isolated incident. The absence of confounding medications further isolates the cause to the use of Teduglutide. Although dechallenge and rechallenge information is unavailable, the combination of the product's known administration challenges and the patient's repeated experience provides strong evidence for a causal link. Therefore, the causality is assessed as **HIGH**. ``` | AV9: ## Pair Assessment: TEDUGLUTIDE vs Product use issue **CrewAI Final Output:** ``` **Comprehensive Causality Assessment for Product use issue Associated with TEDUGLUTIDE** **FINAL PLAUSIBILITY RATING:** HIGH **Detailed Causality Analysis:** 1. **Temporal Plausibility** The therapy start date is missing, which prevents a precise calculation of the time to onset. However, the event term 'Product use issue' inherently implies that the event occurred at the time of product preparation or administration on the reported event date of 28-Apr-2022. Therefore, a direct temporal relationship is assumed and considered plausible. 2. **Biological Plausibility** While 'Product use issue' is not a physiological adverse reaction linked to the drug's mechanism of action, there is high pharmaceutical plausibility. The provided literature summary explicitly states that Teduglutide is supplied as a lyophilized powder that must be reconstituted before subcutaneous injection. This multi-step process is described as a practical challenge that "can be prone to user error if training is inadequate." Therefore, it is highly plausible that the product's specific formulation and administration requirements could lead to a use-related issue. 3. **Dechallenge/Rechallenge** The results for both dechallenge and rechallenge are reported as 'U' (Unknown). Consequently, the effect of stopping or re-introducing the drug on the event cannot be evaluated and does not contribute to this causality assessment. 4. **Objective Evidence** The case involves a 14-year-old male patient. The most significant piece of objective evidence is the patient's reported "History of Similar Reactions: Y" (Yes). This indicates that the 'Product use issue' is a recurring problem for this patient, strengthening the association with the specific requirements of using Teduglutide. This is further supported by the literature summary, which identifies administration challenges, specifically the reconstitution process, as a known issue with this product. 5. **Confounding Factors** The patient was not on any concurrent medications, eliminating the possibility of a drug-drug interaction or confusion with another product's administration process. No other alternative causes or confounding diseases are mentioned. The event is intrinsically linked to the act of using the product itself, making external confounding factors unlikely. 6. **Synthesis and Final Assessment** The reported event, 'Product use issue', is strongly associated with the known characteristics of Teduglutide. The product's formulation as a lyophilized powder requiring a multi-step reconstitution process is a well-documented practical challenge prone to user error. This is strongly supported by the provided literature summary. The patient's history of similar reactions confirms that this is a recurring issue, rather than an isolated incident. The absence of confounding medications further isolates the cause to the use of Teduglutide. Although dechallenge and rechallenge information is unavailable, the combination of the product's known administration challenges and the patient's repeated experience provides strong evidence for a causal link. Therefore, the causality is assessed as **HIGH**. ``` | AW9: These are not pharmacological adverse reactions but usage/process issues. | AX9: Product use issue: Symptom - Product use issue refers to problems with how a product is used, such as incorrect administration or misunderstanding of instructions, which are subjective reports from patients or caregivers rather than objective, measurable findings. | AY9: Product use issue: Sign - Product use issue is an observable event related to how a product is used, not a subjective patient experience. | AZ9: since the intentional use is a clinical sign (as opposed to a symptom), it is assumed that the appropriate medical tests have been performed by a healthcare professional, prior to diagnosing. | BA9: Case ID: 208576322 Case Version: 2 FDA Code: F Event Date: NA Manufacture Date: 20250526 Initial FDA Date: 20220521 FDA Date: 20250610 Report Code: EXP Authorization Number: NA Manufacturer Number: DE-AUROBINDO-AUR-APL-2022-017347 Manufacturer Sender: AUROBINDO Literature Reference: Gines P., Pose E., Napoleone L., Amin A., Campion D., Jimenez C. et al.. Safety of two different doses of simvastatin plus rifaximin in decompensated cirrhosis (LIVERHOPE-SAFETY): a randomised, double-blind, placebo-controlled, phase 2 trial.. Lancet Gastroenterol Hepatol.. 2020;5:31-41 Age: 64 Age Code: YR Age Group: NA Sex: F E Sub: Y Weight: NA Weight Code: NA Report Date: 20250610 To Manufacturer: NA Occupation Code: MD Reporter Country: ES Occurrence Country: DE Adverse Reaction(s): Hepatotoxicity ; Musculoskeletal toxicity ; Rhabdomyolysis ; Drug interaction Case ID Number: 20857632 Drug Sequence: 2 ; 1 Role Code: I ; PS Drug Name: RIFAXIMIN ; SIMVASTATIN Product AI: RIFAXIMIN ; SIMVASTATIN Val VBM: 1 ; 1 Route: Unknown ; Oral Dose VBM: 400 milligram, 3 Times a Day ; 40 milligram, Once a Day Cumulative Dose (Char): NA ; NA Cumulative Dose (Unit): NA ; NA Dechal: NA ; NA Rechal: U ; NA Lot Number: NA ; NA Expiration Date: NA ; NA NDA Number: NA ; 77691 Dose Amount: 400 ; 40 Dose Unit: MG ; MG Dose Form: Film Coated Tablet ; Film-coated tablet Dose Frequency: TID ; QD Indication for Use: Hepatic cirrhosis ; Hepatic cirrhosis Therapy Start Date: NA ; NA Therapy End Date: NA ; NA Duration: NA ; NA Duration Code: NA ; NA
A10: 9 | B10: 211625704 | C10: Off label use | D10: JAKAFI | E10: 0 | F10: 0 | G10: 0 | H10: =E10-G10 -> 0 | I10: =IF(E10=G10,1,0) -> 1 | J10: =IF(E10>G10,1,0) -> 0 | K10: =IF(E10<G10,1,0) -> 0 | L10: =IF(E10=G10,"Agreement",IF(E10>G10,"Overestimation","Underestimation")) -> Agreement | M10: =F10-G10 -> 0 | N10: =IF(F10=G10,1,0) -> 1 | O10: =IF(F10>G10,1,0) -> 0 | P10: =IF(F10<G10,1,0) -> 0 | Q10: =IF(F10=G10,"Agreement",IF(F10>G10,"Overestimation","Underestimation")) -> Agreement | R10: -1 | S10: -1 | T10: 2 | U10: =R10-T10 -> -3 | V10: =IF(R10=T10,1,0) -> 0 | W10: =IF(R10>T10,1,0) -> 0 | X10: =IF(R10<T10,1,0) -> 1 | Y10: =IF(R10=T10,"Agreement",IF(R10>T10,"Overestimation","Underestimation")) -> Underestimation | Z10: =S10-T10 -> -3 | AA10: =IF(S10=T10,1,0) -> 0 | AB10: =IF(S10>T10,1,0) -> 0 | AC10: =IF(S10<T10,1,0) -> 1 | AD10: =IF(S10=T10,"Agreement",IF(S10>T10,"Overestimation","Underestimation")) -> Underestimation | AE10: 0 | AF10: 1 | AG10: 1 | AH10: =AE10-AG10 -> -1 | AI10: =IF(AE10=AG10,1,0) -> 0 | AJ10: =IF(AE10>AG10,1,0) -> 0 | AK10: =IF(AE10<AG10,1,0) -> 1 | AL10: =IF(AE10=AG10,"Agreement",IF(AE10>AG10,"Overestimation","Underestimation")) -> Underestimation | AM10: =AF10-AG10 -> 0 | AN10: =IF(AF10=AG10,1,0) -> 1 | AO10: =IF(AF10>AG10,1,0) -> 0 | AP10: =IF(AF10<AG10,1,0) -> 0 | AQ10: =IF(AF10=AG10,"Agreement",IF(AF10>AG10,"Overestimation","Underestimation")) -> Agreement | AR10: the case does not provide any infomation on therapy start and end date or on the event date, thus temporal and biological plausability can not be established. | AS10: the case does not provide any infomation on therapy start and end date or on the event date, thus temporal and biological plausability can not be established. | AT10: the case does not provide any infomation on therapy start and end date or on the event date, thus temporal and biological plausability can not be established. | AU10: ## Pair Assessment: JAKAFI vs Off label use **CrewAI Final Output:** ``` **Comprehensive Causality Assessment for Off-label Use Associated with JAKAFI** **FINAL PLAUSIBILITY RATING:** MEDIUM **Detailed Causality Analysis:** 1. **Temporal Plausibility**: This point cannot be accurately evaluated as the event date, the therapy start and end dates are missing from the provided data. 2. **Biological Plausibility**: The mechanism of action of JAK inhibitors, including Ruxolitinib, provides reasonable biological plausibility for its off-label uses. Its selective inhibition of JAK isoforms underscores its therapeutic effects. Articles 1, 2, and 3 provide evidence for JAKAFI's off-label use in dermatological conditions, steroid-refractory myocarditis, and non-segmental vitiligo (NSV). 3. **Dechallenge/Rechallenge**: The dechallenge result is missing from the case data, and the rechallenge result is unknown (U). There is limited information to support the consequences of dechallenge/rechallenge, making it difficult to assess causality from this angle. 4. **Objective Evidence**: The provided literature mentions that JAKAFI has been used off-label for a variety of conditions and has shown therapeutic benefits. However, this evidence is mostly anecdotal or limited to small studies, highlighting the need for larger, more robust clinical trials. 5. **Confounding Factors**: The patient history is suggestive of similar reactions, indicating the possibility that the patient might have been exposed to JAKAFI or similar drugs before. However, without information on the patient's sex, weight, and other potential confounding conditions, it's not possible to make a clear determination. 6. **Synthesis and Final Assessment**: Considering the biological plausibility, limited objective evidence, potential for confounding factors, and absence of dechallenge/rechallenge information, the final plausibility of causality regarding off-label use associated with JAKAFI is considered medium. It is suggested to proceed with caution considering the patient’s age and history of similar reactions. More robust data from controlled clinical studies is needed to definitively establish a cause-effect relationship. ``` --- | AV10: ## Pair Assessment: JAKAFI vs Off label use **CrewAI Final Output:** ``` **Comprehensive Causality Assessment for Off-label Use Associated with JAKAFI** **FINAL PLAUSIBILITY RATING:** MEDIUM **Detailed Causality Analysis:** 1. **Temporal Plausibility**: This point cannot be accurately evaluated as the event date, the therapy start and end dates are missing from the provided data. 2. **Biological Plausibility**: The mechanism of action of JAK inhibitors, including Ruxolitinib, provides reasonable biological plausibility for its off-label uses. Its selective inhibition of JAK isoforms underscores its therapeutic effects. Articles 1, 2, and 3 provide evidence for JAKAFI's off-label use in dermatological conditions, steroid-refractory myocarditis, and non-segmental vitiligo (NSV). 3. **Dechallenge/Rechallenge**: The dechallenge result is missing from the case data, and the rechallenge result is unknown (U). There is limited information to support the consequences of dechallenge/rechallenge, making it difficult to assess causality from this angle. 4. **Objective Evidence**: The provided literature mentions that JAKAFI has been used off-label for a variety of conditions and has shown therapeutic benefits. However, this evidence is mostly anecdotal or limited to small studies, highlighting the need for larger, more robust clinical trials. 5. **Confounding Factors**: The patient history is suggestive of similar reactions, indicating the possibility that the patient might have been exposed to JAKAFI or similar drugs before. However, without information on the patient's sex, weight, and other potential confounding conditions, it's not possible to make a clear determination. 6. **Synthesis and Final Assessment**: Considering the biological plausibility, limited objective evidence, potential for confounding factors, and absence of dechallenge/rechallenge information, the final plausibility of causality regarding off-label use associated with JAKAFI is considered medium. It is suggested to proceed with caution considering the patient’s age and history of similar reactions. More robust data from controlled clinical studies is needed to definitively establish a cause-effect relationship. ``` --- | AW10: This event represents use outside the approved indication rather than a pharmacological adverse reaction; alternative medical cause assessment is not applicable. | AX10: Off label use Case ID: Symptom - Off-label use refers to the use of a medication for purposes not approved by regulatory authorities, which is a practice or decision rather than an objective clinical finding or subjective patient experience. It does not fit the definitions of sign (objective evidence) or symptom (subjective experience), but is classified as a symptom by default as it is not a measurable clinical sign. | AY10: Off label use: Sign - Off label use is an objective fact about medication usage, not a subjective patient experience. | AZ10: since the intentional use is a clinical sign (as opposed to a symptom), it is assumed that the appropriate medical tests have been performed by a healthcare professional, prior to diagnosing. | BA10: Case ID: 211625704 Case Version: 4 FDA Code: F Event Date: NA Manufacture Date: 20250324 Initial FDA Date: 20220802 FDA Date: 20250328 Report Code: EXP Authorization Number: NA Manufacturer Number: US-INCYTE CORPORATION-2022IN007196 Manufacturer Sender: INCYTE Literature Reference: NA Age: 68 Age Code: YR Age Group: NA Sex: NA E Sub: Y Weight: NA Weight Code: NA Report Date: 20250328 To Manufacturer: NA Occupation Code: NA Reporter Country: US Occurrence Country: NA Adverse Reaction(s): Pericardial effusion ; Full blood count decreased ; Liver disorder ; Haemoglobin abnormal ; Pleural effusion ; Drug intolerance ; Off label use Case ID Number: 21162570 Drug Sequence: 1 ; 1 Role Code: PS ; PS Drug Name: JAKAFI ; JAKAFI Product AI: JAKAFI ; JAKAFI Val VBM: 1 ; 1 Route: NA ; NA Dose VBM: 20 milligram, bid ; 20 milligram, qd Cumulative Dose (Char): NA ; NA Cumulative Dose (Unit): NA ; NA Dechal: NA ; NA Rechal: U ; U Lot Number: 1962218 ; NA Expiration Date: NA ; NA NDA Number: 202192 ; 202192 Dose Amount: 20 ; 20 Dose Unit: MG ; MG Dose Form: NA ; NA Dose Frequency: QD ; QD Indication for Use: Myeloproliferative neoplasm ; Myeloproliferative neoplasm Therapy Start Date: NA ; NA Therapy End Date: NA ; NA Duration: NA ; NA Duration Code: NA ; NA
A11: 10 | B11: 214198192 | C11: Visual impairment | D11: DUPIXENT | E11: 0 | F11: 0 | G11: 0 | H11: =E11-G11 -> 0 | I11: =IF(E11=G11,1,0) -> 1 | J11: =IF(E11>G11,1,0) -> 0 | K11: =IF(E11<G11,1,0) -> 0 | L11: =IF(E11=G11,"Agreement",IF(E11>G11,"Overestimation","Underestimation")) -> Agreement | M11: =F11-G11 -> 0 | N11: =IF(F11=G11,1,0) -> 1 | O11: =IF(F11>G11,1,0) -> 0 | P11: =IF(F11<G11,1,0) -> 0 | Q11: =IF(F11=G11,"Agreement",IF(F11>G11,"Overestimation","Underestimation")) -> Agreement | R11: -1 | S11: -1 | T11: -1 | U11: =R11-T11 -> 0 | V11: =IF(R11=T11,1,0) -> 1 | W11: =IF(R11>T11,1,0) -> 0 | X11: =IF(R11<T11,1,0) -> 0 | Y11: =IF(R11=T11,"Agreement",IF(R11>T11,"Overestimation","Underestimation")) -> Agreement | Z11: =S11-T11 -> 0 | AA11: =IF(S11=T11,1,0) -> 1 | AB11: =IF(S11>T11,1,0) -> 0 | AC11: =IF(S11<T11,1,0) -> 0 | AD11: =IF(S11=T11,"Agreement",IF(S11>T11,"Overestimation","Underestimation")) -> Agreement | AE11: 0 | AF11: 1 | AG11: 1 | AH11: =AE11-AG11 -> -1 | AI11: =IF(AE11=AG11,1,0) -> 0 | AJ11: =IF(AE11>AG11,1,0) -> 0 | AK11: =IF(AE11<AG11,1,0) -> 1 | AL11: =IF(AE11=AG11,"Agreement",IF(AE11>AG11,"Overestimation","Underestimation")) -> Underestimation | AM11: =AF11-AG11 -> 0 | AN11: =IF(AF11=AG11,1,0) -> 1 | AO11: =IF(AF11>AG11,1,0) -> 0 | AP11: =IF(AF11<AG11,1,0) -> 0 | AQ11: =IF(AF11=AG11,"Agreement",IF(AF11>AG11,"Overestimation","Underestimation")) -> Agreement | AR11: the case does not provide any infomation on therapy start and end date or on the event date, thus temporal and biological plausability can not be established. | AS11: the case does not provide any infomation on therapy start and end date or on the event date, thus temporal and biological plausability can not be established. | AT11: the case does not provide any infomation on therapy start and end date or on the event date, thus temporal and biological plausability can not be established. | AU11: ## Pair Assessment: DUPIXENT vs Visual impairment **CrewAI Final Output:** ``` **Comprehensive Causality Assessment for Visual impairment Associated with DUPIXENT** **FINAL PLAUSIBILITY RATING:** HIGH **Detailed Causality Analysis:** **1. Temporal Plausibility** The temporal relationship between the initiation of DUPIXENT and the onset of 'Visual impairment' is strong and highly suggestive of a causal link. The patient, a 19-year-old male, started therapy on 20220901 and experienced the event on 20220907, resulting in a short time-to-onset of 6 days. This rapid onset is strongly supported by the provided literature. Specifically, **Article 1** characterizes dupilumab-related ocular events as an "early failure type" with a Weibull distribution beta value (β) of 0.68, indicating that the risk of such an event is highest during the initial phase of treatment. The observed 6-day latency in this case aligns perfectly with this established pattern. **2. Biological Plausibility** There is a strong biological plausibility for DUPIXENT causing visual impairment, based on an indirect inflammatory mechanism. The literature summary suggests that dupilumab, as an immunomodulating agent, can trigger localized inflammation of the ocular surface and eyelids, such as blepharitis and meibomian gland dysfunction (MGD). These conditions disrupt the ocular tear film, a known cause of symptoms like blurred vision and visual impairment. This mechanism is substantiated by robust clinical evidence from pharmacovigilance databases. **Article 3** reports significantly high Reporting Odds Ratios (RORs) for dupilumab associated with blepharitis (ROR = 35.7) and MGD (ROR = 15.4). Furthermore, **Article 2** identifies a significant overall signal for Ocular Adverse Reactions with dupilumab (ROR = 4.74), reinforcing the drug's association with this class of events. **3. Dechallenge/Rechallenge** Information regarding dechallenge and rechallenge is unavailable for this case, which represents a limitation in the assessment. * **Dechallenge Result:** MISSING. It is unknown if DUPIXENT was stopped or the dose was reduced, and therefore the effect of withdrawal on the visual impairment cannot be assessed. * **Rechallenge Result:** MISSING. There is no information on whether the patient was re-exposed to DUPIXENT after a potential recovery. The absence of this information prevents the establishment of a definitive causal relationship. **4. Objective Evidence** The primary objective evidence supporting this case is the strong statistical association found in large-scale, real-world pharmacovigilance studies (FAERS database), as summarized in the provided context. Articles 1, 2, and 3 collectively establish a significant safety signal linking DUPIXENT to a spectrum of ocular adverse events, including the reported 'Visual impairment'. While this specific case report lacks detailed clinical data (e.g., ophthalmology exam findings, visual acuity measurements), the reported event is consistent with the known and well-documented safety profile of the drug. **5. Confounding Factors** Confounding factors in this case are minimal, strengthening the likelihood of a causal association with DUPIXENT. * **Concurrent Medications:** The patient was reported to be on a single drug (DUPIXENT), effectively ruling out other medications as a cause for the visual impairment. * **Medical History:** The patient's indication is atopic dermatitis. While the underlying condition can have ocular manifestations, the acute onset of visual symptoms just 6 days after initiating a new therapy strongly points to the drug as the precipitating factor. * **History of Similar Reactions:** The case notes a "History of Similar Reactions: Y". This is an ambiguous factor. It could suggest a pre-existing, intermittent condition. However, without further details, it could also represent a prior reaction to the same drug, which would strengthen the association. Given the strong temporal link and lack of other confounders, this factor does not significantly weaken the assessment. **6. Synthesis and Final Assessment** This case presents a compelling argument for a causal relationship between DUPIXENT and visual impairment. The assessment is supported by a very strong and clinically relevant temporal link (6-day onset), which is consistent with literature describing these events as an "early failure type" for this drug. The biological plausibility is high, based on a well-supported indirect mechanism of ocular surface inflammation, for which DUPIXENT has a very strong safety signal (ROR up to 35.7 for precursor conditions). The absence of confounding medications further isolates DUPIXENT as the most probable cause. The primary weakness is the lack of dechallenge and rechallenge data. However, the strength of the temporal and biological evidence is sufficient to rate the causality as **HIGH**. ``` | AV11: ## Pair Assessment: DUPIXENT vs Visual impairment **CrewAI Final Output:** ``` **Comprehensive Causality Assessment for Visual impairment Associated with DUPIXENT** **FINAL PLAUSIBILITY RATING:** HIGH **Detailed Causality Analysis:** **1. Temporal Plausibility** The temporal relationship between the initiation of DUPIXENT and the onset of 'Visual impairment' is strong and highly suggestive of a causal link. The patient, a 19-year-old male, started therapy on 20220901 and experienced the event on 20220907, resulting in a short time-to-onset of 6 days. This rapid onset is strongly supported by the provided literature. Specifically, **Article 1** characterizes dupilumab-related ocular events as an "early failure type" with a Weibull distribution beta value (β) of 0.68, indicating that the risk of such an event is highest during the initial phase of treatment. The observed 6-day latency in this case aligns perfectly with this established pattern. **2. Biological Plausibility** There is a strong biological plausibility for DUPIXENT causing visual impairment, based on an indirect inflammatory mechanism. The literature summary suggests that dupilumab, as an immunomodulating agent, can trigger localized inflammation of the ocular surface and eyelids, such as blepharitis and meibomian gland dysfunction (MGD). These conditions disrupt the ocular tear film, a known cause of symptoms like blurred vision and visual impairment. This mechanism is substantiated by robust clinical evidence from pharmacovigilance databases. **Article 3** reports significantly high Reporting Odds Ratios (RORs) for dupilumab associated with blepharitis (ROR = 35.7) and MGD (ROR = 15.4). Furthermore, **Article 2** identifies a significant overall signal for Ocular Adverse Reactions with dupilumab (ROR = 4.74), reinforcing the drug's association with this class of events. **3. Dechallenge/Rechallenge** Information regarding dechallenge and rechallenge is unavailable for this case, which represents a limitation in the assessment. * **Dechallenge Result:** MISSING. It is unknown if DUPIXENT was stopped or the dose was reduced, and therefore the effect of withdrawal on the visual impairment cannot be assessed. * **Rechallenge Result:** MISSING. There is no information on whether the patient was re-exposed to DUPIXENT after a potential recovery. The absence of this information prevents the establishment of a definitive causal relationship. **4. Objective Evidence** The primary objective evidence supporting this case is the strong statistical association found in large-scale, real-world pharmacovigilance studies (FAERS database), as summarized in the provided context. Articles 1, 2, and 3 collectively establish a significant safety signal linking DUPIXENT to a spectrum of ocular adverse events, including the reported 'Visual impairment'. While this specific case report lacks detailed clinical data (e.g., ophthalmology exam findings, visual acuity measurements), the reported event is consistent with the known and well-documented safety profile of the drug. **5. Confounding Factors** Confounding factors in this case are minimal, strengthening the likelihood of a causal association with DUPIXENT. * **Concurrent Medications:** The patient was reported to be on a single drug (DUPIXENT), effectively ruling out other medications as a cause for the visual impairment. * **Medical History:** The patient's indication is atopic dermatitis. While the underlying condition can have ocular manifestations, the acute onset of visual symptoms just 6 days after initiating a new therapy strongly points to the drug as the precipitating factor. * **History of Similar Reactions:** The case notes a "History of Similar Reactions: Y". This is an ambiguous factor. It could suggest a pre-existing, intermittent condition. However, without further details, it could also represent a prior reaction to the same drug, which would strengthen the association. Given the strong temporal link and lack of other confounders, this factor does not significantly weaken the assessment. **6. Synthesis and Final Assessment** This case presents a compelling argument for a causal relationship between DUPIXENT and visual impairment. The assessment is supported by a very strong and clinically relevant temporal link (6-day onset), which is consistent with literature describing these events as an "early failure type" for this drug. The biological plausibility is high, based on a well-supported indirect mechanism of ocular surface inflammation, for which DUPIXENT has a very strong safety signal (ROR up to 35.7 for precursor conditions). The absence of confounding medications further isolates DUPIXENT as the most probable cause. The primary weakness is the lack of dechallenge and rechallenge data. However, the strength of the temporal and biological evidence is sufficient to rate the causality as **HIGH**. ``` | AW11: Conjunctivitis and dehydration reported concurrently in the case may plausibly contribute to visual impairment. | AX11: Visual impairment: Symptom - Visual impairment is a subjective experience reported by the patient regarding reduced vision quality, not directly observable or measurable without patient input, making it a symptom rather than an objective sign. | AY11: Visual impairment: Sign - Visual impairment can be objectively measured through visual acuity tests or other assessments, making it a sign. | AZ11: since the intentional use is a clinical sign (as opposed to a symptom), it is assumed that the appropriate medical tests have been performed by a healthcare professional, prior to diagnosing. | BA11: Case ID: 214198192 Case Version: 2 FDA Code: F Event Date: 20220907 Manufacture Date: 20250211 Initial FDA Date: 20221006 FDA Date: 20250222 Report Code: PER Authorization Number: NA Manufacturer Number: US-SA-2022SA403747 Manufacturer Sender: SANOFI AVENTIS Literature Reference: NA Age: 19 Age Code: YR Age Group: A Sex: M E Sub: Y Weight: NA Weight Code: NA Report Date: 20250222 To Manufacturer: NA Occupation Code: MD Reporter Country: US Occurrence Country: US Adverse Reaction(s): Urine abnormality ; Headache ; Conjunctivitis ; Thirst ; Visual impairment ; Dehydration Case ID Number: 21419819 Drug Sequence: 1 Role Code: PS Drug Name: DUPIXENT Product AI: DUPIXENT Val VBM: 1 Route: Subcutaneous Dose VBM: 300 mg, QOW Cumulative Dose (Char): NA Cumulative Dose (Unit): NA Dechal: NA Rechal: NA Lot Number: NA Expiration Date: NA NDA Number: 761055 Dose Amount: 300 Dose Unit: MG Dose Form: Solution for injection Dose Frequency: QOW Indication for Use: Dermatitis atopic ; Dermatitis atopic Therapy Start Date: 20220901 Therapy End Date: NA Duration: NA Duration Code: NA
A12: 11 | B12: 214662624 | C12: Drug ineffective | D12: ENHERTU | E12: 0 | F12: 0 | G12: 0 | H12: =E12-G12 -> 0 | I12: =IF(E12=G12,1,0) -> 1 | J12: =IF(E12>G12,1,0) -> 0 | K12: =IF(E12<G12,1,0) -> 0 | L12: =IF(E12=G12,"Agreement",IF(E12>G12,"Overestimation","Underestimation")) -> Agreement | M12: =F12-G12 -> 0 | N12: =IF(F12=G12,1,0) -> 1 | O12: =IF(F12>G12,1,0) -> 0 | P12: =IF(F12<G12,1,0) -> 0 | Q12: =IF(F12=G12,"Agreement",IF(F12>G12,"Overestimation","Underestimation")) -> Agreement | R12: -1 | S12: -1 | T12: -1 | U12: =R12-T12 -> 0 | V12: =IF(R12=T12,1,0) -> 1 | W12: =IF(R12>T12,1,0) -> 0 | X12: =IF(R12<T12,1,0) -> 0 | Y12: =IF(R12=T12,"Agreement",IF(R12>T12,"Overestimation","Underestimation")) -> Agreement | Z12: =S12-T12 -> 0 | AA12: =IF(S12=T12,1,0) -> 1 | AB12: =IF(S12>T12,1,0) -> 0 | AC12: =IF(S12<T12,1,0) -> 0 | AD12: =IF(S12=T12,"Agreement",IF(S12>T12,"Overestimation","Underestimation")) -> Agreement | AE12: 0 | AF12: 1 | AG12: 1 | AH12: =AE12-AG12 -> -1 | AI12: =IF(AE12=AG12,1,0) -> 0 | AJ12: =IF(AE12>AG12,1,0) -> 0 | AK12: =IF(AE12<AG12,1,0) -> 1 | AL12: =IF(AE12=AG12,"Agreement",IF(AE12>AG12,"Overestimation","Underestimation")) -> Underestimation | AM12: =AF12-AG12 -> 0 | AN12: =IF(AF12=AG12,1,0) -> 1 | AO12: =IF(AF12>AG12,1,0) -> 0 | AP12: =IF(AF12<AG12,1,0) -> 0 | AQ12: =IF(AF12=AG12,"Agreement",IF(AF12>AG12,"Overestimation","Underestimation")) -> Agreement | AR12: the case does not provide any infomation on therapy start and end date or on the event date, thus temporal and biological plausability can not be established. | AS12: the case does not provide any infomation on therapy start and end date or on the event date, thus temporal and biological plausability can not be established. | AT12: the case does not provide any infomation on therapy start and end date or on the event date, thus temporal and biological plausability can not be established. | AU12: ## Pair Assessment: ENHERTU vs Drug ineffective **CrewAI Final Output:** ``` **Comprehensive Causality Assessment for Drug ineffective Associated with ENHERTU** **FINAL PLAUSIBILITY RATING:** LOW **Detailed Causality Analysis:** **1. Temporal Plausibility** A temporal relationship between the administration of ENHERTU and the event 'Drug ineffective' cannot be established. Key data points such as the Therapy Start Date, Therapy End Date, and the Event Date are all marked as MISSING. Without this information, it is impossible to determine the duration of treatment before the lack of efficacy was observed. We cannot know if this was a case of primary resistance (ineffective from the start) or acquired resistance (ineffective after a period of response). Therefore, temporal plausibility cannot be assessed. **2. Biological Plausibility** The event 'Drug ineffective' is a biologically plausible and clinically expected outcome in the treatment of metastatic breast cancer. ENHERTU's mechanism of action relies on targeting HER2-expressing cells. Lack of efficacy can occur due to several well-understood mechanisms, including primary or acquired resistance, downregulation or loss of the HER2 target, or activation of alternative cellular signaling pathways that bypass the drug's effect. The provided clinical evidence (PMID: 35665782) from the DESTINY-Breast04 trial, while demonstrating ENHERTU's significant efficacy over standard chemotherapy, also confirms that disease progression is an expected outcome. The trial reported a median progression-free survival of 9.9 months, indicating that for half the patients, the drug was rendered 'ineffective' by this time point due to disease advancement. The patient's reported "History of Similar Reactions: Y" further supports this, suggesting a history of treatment failures, which is characteristic of the natural progression of metastatic cancer. **3. Dechallenge/Rechallenge** - **Dechallenge:** The result was 'U' (Unknown). For a 'Drug ineffective' event, a positive dechallenge (i.e., improvement upon stopping the drug) is not expected. Discontinuation of an ineffective therapy would likely lead to further disease progression. The unknown result is uninformative. - **Rechallenge:** The result was 'MISSING'. A rechallenge was not performed. The dechallenge and rechallenge data provide no information to support or refute causality. **4. Objective Evidence** There is no objective evidence provided within the case itself (e.g., imaging scans, biomarker status) to confirm disease progression. However, the literature provides strong objective evidence regarding the drug's performance. The pivotal trial for ENHERTU (PMID: 35665782) establishes it as an effective therapy but also quantifies the expected rate of treatment failure over time in this patient population. This literature confirms that 'Drug ineffective' is a known and documented outcome for patients treated with ENHERTU for metastatic breast cancer. **5. Confounding Factors** The most significant confounding factor is the natural history of the patient's underlying disease: metastatic breast cancer. This is an inherently progressive condition where eventual treatment failure is the expected course. The patient's "History of Similar Reactions: Y" strongly suggests that this event is another step in the disease's progression, following the failure of previous therapies. Other potential confounders, such as suboptimal dosing or administration errors, cannot be evaluated due to MISSING data (Dose, Route). As there were no concurrent medications, drug-drug interactions are not a confounding factor. **6. Synthesis and Final Assessment** This case describes a 'Drug ineffective' event for ENHERTU in a patient with metastatic breast cancer. While such an event is a clinically expected and biologically plausible outcome due to disease progression and potential resistance mechanisms, a causality assessment must determine if the *drug* is the cause of the event. In the context of a lack of efficacy, the drug is not the causative agent; rather, the event represents a failure of the drug to overcome the underlying pathophysiology of the disease. The cause of the event is the progressive nature of the metastatic breast cancer itself. The literature (PMID: 35665782) and the patient's history of prior treatment failures support this conclusion. The assessment is severely limited by the absence of temporal data and other critical details. Therefore, attributing a causal role to ENHERTU for its own ineffectiveness is inappropriate. The drug did not induce a new pathological process; it failed to halt an existing one. Based on this, the causal relationship between the drug and the event is rated as **LOW**. ``` --- | AV12: ## Pair Assessment: ENHERTU vs Drug ineffective **CrewAI Final Output:** ``` **Comprehensive Causality Assessment for Drug ineffective Associated with ENHERTU** **FINAL PLAUSIBILITY RATING:** LOW **Detailed Causality Analysis:** **1. Temporal Plausibility** A temporal relationship between the administration of ENHERTU and the event 'Drug ineffective' cannot be established. Key data points such as the Therapy Start Date, Therapy End Date, and the Event Date are all marked as MISSING. Without this information, it is impossible to determine the duration of treatment before the lack of efficacy was observed. We cannot know if this was a case of primary resistance (ineffective from the start) or acquired resistance (ineffective after a period of response). Therefore, temporal plausibility cannot be assessed. **2. Biological Plausibility** The event 'Drug ineffective' is a biologically plausible and clinically expected outcome in the treatment of metastatic breast cancer. ENHERTU's mechanism of action relies on targeting HER2-expressing cells. Lack of efficacy can occur due to several well-understood mechanisms, including primary or acquired resistance, downregulation or loss of the HER2 target, or activation of alternative cellular signaling pathways that bypass the drug's effect. The provided clinical evidence (PMID: 35665782) from the DESTINY-Breast04 trial, while demonstrating ENHERTU's significant efficacy over standard chemotherapy, also confirms that disease progression is an expected outcome. The trial reported a median progression-free survival of 9.9 months, indicating that for half the patients, the drug was rendered 'ineffective' by this time point due to disease advancement. The patient's reported "History of Similar Reactions: Y" further supports this, suggesting a history of treatment failures, which is characteristic of the natural progression of metastatic cancer. **3. Dechallenge/Rechallenge** - **Dechallenge:** The result was 'U' (Unknown). For a 'Drug ineffective' event, a positive dechallenge (i.e., improvement upon stopping the drug) is not expected. Discontinuation of an ineffective therapy would likely lead to further disease progression. The unknown result is uninformative. - **Rechallenge:** The result was 'MISSING'. A rechallenge was not performed. The dechallenge and rechallenge data provide no information to support or refute causality. **4. Objective Evidence** There is no objective evidence provided within the case itself (e.g., imaging scans, biomarker status) to confirm disease progression. However, the literature provides strong objective evidence regarding the drug's performance. The pivotal trial for ENHERTU (PMID: 35665782) establishes it as an effective therapy but also quantifies the expected rate of treatment failure over time in this patient population. This literature confirms that 'Drug ineffective' is a known and documented outcome for patients treated with ENHERTU for metastatic breast cancer. **5. Confounding Factors** The most significant confounding factor is the natural history of the patient's underlying disease: metastatic breast cancer. This is an inherently progressive condition where eventual treatment failure is the expected course. The patient's "History of Similar Reactions: Y" strongly suggests that this event is another step in the disease's progression, following the failure of previous therapies. Other potential confounders, such as suboptimal dosing or administration errors, cannot be evaluated due to MISSING data (Dose, Route). As there were no concurrent medications, drug-drug interactions are not a confounding factor. **6. Synthesis and Final Assessment** This case describes a 'Drug ineffective' event for ENHERTU in a patient with metastatic breast cancer. While such an event is a clinically expected and biologically plausible outcome due to disease progression and potential resistance mechanisms, a causality assessment must determine if the *drug* is the cause of the event. In the context of a lack of efficacy, the drug is not the causative agent; rather, the event represents a failure of the drug to overcome the underlying pathophysiology of the disease. The cause of the event is the progressive nature of the metastatic breast cancer itself. The literature (PMID: 35665782) and the patient's history of prior treatment failures support this conclusion. The assessment is severely limited by the absence of temporal data and other critical details. Therefore, attributing a causal role to ENHERTU for its own ineffectiveness is inappropriate. The drug did not induce a new pathological process; it failed to halt an existing one. Based on this, the causal relationship between the drug and the event is rated as **LOW**. ``` --- | AW12: Underlying metastatic breast cancer progression may plausibly explain lack of therapeutic effect independent of a drug-related adverse reaction. | AX12: Drug ineffective: Symptom - Drug ineffectiveness is typically reported by the patient or clinician based on subjective assessment of treatment response, rather than objective measurable evidence. It reflects the patient's experience or clinical judgment that the medication is not producing the expected therapeutic effect. | AY12: Drug ineffective: Sign - Drug ineffectiveness is an objective assessment based on lack of therapeutic effect, measurable by clinical evaluation or laboratory tests. | AZ12: since the intentional use is a clinical sign (as opposed to a symptom), it is assumed that the appropriate medical tests have been performed by a healthcare professional, prior to diagnosing. | BA12: Case ID: 214662624 Case Version: 4 FDA Code: F Event Date: NA Manufacture Date: 20250310 Initial FDA Date: 20221017 FDA Date: 20250312 Report Code: PER Authorization Number: NA Manufacturer Number: US-DSJP-DSU-2022-137156 Manufacturer Sender: DAIICHI Literature Reference: NA Age: NA Age Code: NA Age Group: NA Sex: F E Sub: Y Weight: NA Weight Code: NA Report Date: 20250312 To Manufacturer: NA Occupation Code: CN Reporter Country: US Occurrence Country: GB Adverse Reaction(s): Lung disorder ; Neuropathy peripheral ; Parosmia ; Flatulence ; Hyperacusis ; Drug ineffective ; Eructation ; Anger Case ID Number: 21466262 Drug Sequence: 1 ; 2 Role Code: PS ; SS Drug Name: ENHERTU ; ENHERTU Product AI: ENHERTU ; ENHERTU Val VBM: 1 ; 1 Route: Unknown ; Unknown Dose VBM: UNK ; UNK Cumulative Dose (Char): NA ; NA Cumulative Dose (Unit): NA ; NA Dechal: U ; U Rechal: NA ; NA Lot Number: NA ; NA Expiration Date: NA ; NA NDA Number: 761139 ; 761139 Dose Amount: NA ; NA Dose Unit: NA ; NA Dose Form: INJECTION, POWDER, LYOPHILIZED, FOR SOLUTION ; INJECTION, POWDER, LYOPHILIZED, FOR SOLUTION Dose Frequency: NA ; NA Indication for Use: Breast cancer metastatic ; Therapy Start Date: NA ; NA Therapy End Date: NA ; NA Duration: NA ; NA Duration Code: NA ; NA
A13: 12 | B13: 217413962 | C13: Drug withdrawal syndrome | D13: PROPECIA | E13: 0 | F13: 0 | G13: 0 | H13: =E13-G13 -> 0 | I13: =IF(E13=G13,1,0) -> 1 | J13: =IF(E13>G13,1,0) -> 0 | K13: =IF(E13<G13,1,0) -> 0 | L13: =IF(E13=G13,"Agreement",IF(E13>G13,"Overestimation","Underestimation")) -> Agreement | M13: =F13-G13 -> 0 | N13: =IF(F13=G13,1,0) -> 1 | O13: =IF(F13>G13,1,0) -> 0 | P13: =IF(F13<G13,1,0) -> 0 | Q13: =IF(F13=G13,"Agreement",IF(F13>G13,"Overestimation","Underestimation")) -> Agreement | R13: -1 | S13: -1 | T13: 2 | U13: =R13-T13 -> -3 | V13: =IF(R13=T13,1,0) -> 0 | W13: =IF(R13>T13,1,0) -> 0 | X13: =IF(R13<T13,1,0) -> 1 | Y13: =IF(R13=T13,"Agreement",IF(R13>T13,"Overestimation","Underestimation")) -> Underestimation | Z13: =S13-T13 -> -3 | AA13: =IF(S13=T13,1,0) -> 0 | AB13: =IF(S13>T13,1,0) -> 0 | AC13: =IF(S13<T13,1,0) -> 1 | AD13: =IF(S13=T13,"Agreement",IF(S13>T13,"Overestimation","Underestimation")) -> Underestimation | AE13: 0 | AF13: 1 | AG13: 1 | AH13: =AE13-AG13 -> -1 | AI13: =IF(AE13=AG13,1,0) -> 0 | AJ13: =IF(AE13>AG13,1,0) -> 0 | AK13: =IF(AE13<AG13,1,0) -> 1 | AL13: =IF(AE13=AG13,"Agreement",IF(AE13>AG13,"Overestimation","Underestimation")) -> Underestimation | AM13: =AF13-AG13 -> 0 | AN13: =IF(AF13=AG13,1,0) -> 1 | AO13: =IF(AF13>AG13,1,0) -> 0 | AP13: =IF(AF13<AG13,1,0) -> 0 | AQ13: =IF(AF13=AG13,"Agreement",IF(AF13>AG13,"Overestimation","Underestimation")) -> Agreement | AR13: the case does not provide any infomation on therapy start and end date or on the event date, thus temporal and biological plausability can not be established. | AS13: the case does not provide any infomation on therapy start and end date or on the event date, thus temporal and biological plausability can not be established. | AT13: the case does not provide any infomation on therapy start and end date or on the event date, thus temporal and biological plausability can not be established. | AU13: ## Pair Assessment: PROPECIA vs Drug withdrawal syndrome **CrewAI Final Output:** ``` **Comprehensive Causality Assessment for Drug withdrawal syndrome Associated with PROPECIA** **FINAL PLAUSIBILITY RATING:** HIGH **Detailed Causality Analysis:** 1. **Temporal Plausibility** The patient was on long-term therapy with PROPECIA for approximately 6.5 years (March 2011 to September 2017). The event, 'Drug withdrawal syndrome', is reported with an onset date of January 2017, occurring during treatment and persisting after discontinuation in September 2017. The term 'Drug withdrawal syndrome' in this context, especially when considering the literature on Post-Finasteride Syndrome (PFS), refers to symptoms that persist after the drug is stopped. The long duration of exposure followed by the persistence of symptoms after cessation establishes a strong and plausible temporal relationship. 2. **Biological Plausibility** PROPECIA (finasteride) is a 5 alpha-reductase inhibitor that blocks the conversion of testosterone to dihydrotestosterone (DHT). The provided literature summary explicitly describes an emerging clinical problem known as Post-Finasteride Syndrome (PFS), which is characterized as a "drug withdrawal syndrome." This syndrome involves persistent adverse effects (sexual, mood, cognitive) that remain even after discontinuing the drug. While the summary notes that the specific molecular mechanisms for the persistence of these effects are "poorly explored," the existence of this described syndrome, which has been recognized by major regulatory agencies (FDA, MHRA), provides a strong basis for biological plausibility at the clinical level. 3. **Dechallenge/Rechallenge** The dechallenge result is explicitly stated as Negative ('N'). This means the adverse event did not resolve or improve upon discontinuation of PROPECIA. This negative dechallenge is the most compelling piece of evidence in this case, as it directly aligns with the core definition of Post-Finasteride Syndrome (PFS) provided in the literature summary, which is defined by its *persistent* nature after drug cessation. The rechallenge result is 'MISSING', and a rechallenge would not be clinically appropriate in this scenario. 4. **Objective Evidence** The primary evidence is the case report itself, which is strongly supported by the provided clinical evidence summary. The literature confirms that a 'Drug withdrawal syndrome' (termed PFS) is associated with finasteride. Crucially, this association is recognized at a regulatory level; the US FDA, UK MHRA, and Swedish Medical Products Agency have all required label updates to warn about multiple persistent side effects. This regulatory action serves as significant objective evidence for the existence of this drug-event association. 5. **Confounding Factors** Confounding factors appear to be minimal. The patient was reportedly on a single drug ('N/A: single drug'), which rules out the influence of concurrent medications. The patient's medical history is largely unknown, but the indication for PROPECIA (likely androgenetic alopecia) is not known to cause such a syndrome. The reported 'History of Similar Reactions: Y' does not act as a confounder but may suggest a pre-existing susceptibility in this patient, potentially strengthening the individual case causality. Missing data such as age and specific symptoms are limitations but do not introduce known confounders. 6. **Synthesis and Final Assessment** The assessment for causality is HIGH. This conclusion is based on the powerful alignment between the case data and the provided literature. The long-term exposure is followed by a syndrome that persists after drug withdrawal, which is a classic temporal sequence for PFS. The negative dechallenge ('N') is the hallmark feature of this specific syndrome as described in the literature. The biological plausibility is supported by the recognition of PFS as a clinical entity by multiple international regulatory agencies. Finally, the absence of confounding medications isolates PROPECIA as the likely causal agent. The combination of a negative dechallenge that perfectly matches the described syndrome and regulatory-level recognition strongly supports a causal link. ``` --- | AV13: ## Pair Assessment: PROPECIA vs Drug withdrawal syndrome **CrewAI Final Output:** ``` **Comprehensive Causality Assessment for Drug withdrawal syndrome Associated with PROPECIA** **FINAL PLAUSIBILITY RATING:** HIGH **Detailed Causality Analysis:** 1. **Temporal Plausibility** The patient was on long-term therapy with PROPECIA for approximately 6.5 years (March 2011 to September 2017). The event, 'Drug withdrawal syndrome', is reported with an onset date of January 2017, occurring during treatment and persisting after discontinuation in September 2017. The term 'Drug withdrawal syndrome' in this context, especially when considering the literature on Post-Finasteride Syndrome (PFS), refers to symptoms that persist after the drug is stopped. The long duration of exposure followed by the persistence of symptoms after cessation establishes a strong and plausible temporal relationship. 2. **Biological Plausibility** PROPECIA (finasteride) is a 5 alpha-reductase inhibitor that blocks the conversion of testosterone to dihydrotestosterone (DHT). The provided literature summary explicitly describes an emerging clinical problem known as Post-Finasteride Syndrome (PFS), which is characterized as a "drug withdrawal syndrome." This syndrome involves persistent adverse effects (sexual, mood, cognitive) that remain even after discontinuing the drug. While the summary notes that the specific molecular mechanisms for the persistence of these effects are "poorly explored," the existence of this described syndrome, which has been recognized by major regulatory agencies (FDA, MHRA), provides a strong basis for biological plausibility at the clinical level. 3. **Dechallenge/Rechallenge** The dechallenge result is explicitly stated as Negative ('N'). This means the adverse event did not resolve or improve upon discontinuation of PROPECIA. This negative dechallenge is the most compelling piece of evidence in this case, as it directly aligns with the core definition of Post-Finasteride Syndrome (PFS) provided in the literature summary, which is defined by its *persistent* nature after drug cessation. The rechallenge result is 'MISSING', and a rechallenge would not be clinically appropriate in this scenario. 4. **Objective Evidence** The primary evidence is the case report itself, which is strongly supported by the provided clinical evidence summary. The literature confirms that a 'Drug withdrawal syndrome' (termed PFS) is associated with finasteride. Crucially, this association is recognized at a regulatory level; the US FDA, UK MHRA, and Swedish Medical Products Agency have all required label updates to warn about multiple persistent side effects. This regulatory action serves as significant objective evidence for the existence of this drug-event association. 5. **Confounding Factors** Confounding factors appear to be minimal. The patient was reportedly on a single drug ('N/A: single drug'), which rules out the influence of concurrent medications. The patient's medical history is largely unknown, but the indication for PROPECIA (likely androgenetic alopecia) is not known to cause such a syndrome. The reported 'History of Similar Reactions: Y' does not act as a confounder but may suggest a pre-existing susceptibility in this patient, potentially strengthening the individual case causality. Missing data such as age and specific symptoms are limitations but do not introduce known confounders. 6. **Synthesis and Final Assessment** The assessment for causality is HIGH. This conclusion is based on the powerful alignment between the case data and the provided literature. The long-term exposure is followed by a syndrome that persists after drug withdrawal, which is a classic temporal sequence for PFS. The negative dechallenge ('N') is the hallmark feature of this specific syndrome as described in the literature. The biological plausibility is supported by the recognition of PFS as a clinical entity by multiple international regulatory agencies. Finally, the absence of confounding medications isolates PROPECIA as the likely causal agent. The combination of a negative dechallenge that perfectly matches the described syndrome and regulatory-level recognition strongly supports a causal link. ``` --- | AW13: This event reflects discontinuation effects/use-related circumstances rather than a pharmacological adverse reaction; alternative medical cause assessment is not applicable. | AX13: Drug withdrawal syndrome: Symptom - Drug withdrawal syndrome is a collection of subjective experiences reported by patients when discontinuing a medication, including psychological and physical manifestations that are primarily patient-reported rather than objectively measurable by clinicians. | AY13: Drug withdrawal syndrome: Sign - Drug withdrawal syndrome involves observable physiological and behavioral changes, making it objective evidence. | AZ13: since the intentional use is a clinical sign (as opposed to a symptom), it is assumed that the appropriate medical tests have been performed by a healthcare professional, prior to diagnosing. | BA13: Case ID: 217413962 Case Version: 2 FDA Code: F Event Date: 20170101 Manufacture Date: 20250324 Initial FDA Date: 20221216 FDA Date: 20250402 Report Code: EXP Authorization Number: IT-MINISAL02-437496 Manufacturer Number: IT-ORGANON-1710ITA005825 Manufacturer Sender: ORGANON Literature Reference: NA Age: NA Age Code: NA Age Group: NA Sex: M E Sub: Y Weight: NA Weight Code: NA Report Date: 20250402 To Manufacturer: NA Occupation Code: LW Reporter Country: IT Occurrence Country: IT Adverse Reaction(s): Somatic symptom disorder ; Erectile dysfunction ; Major depression ; Dysphoria ; Vision blurred ; Drug withdrawal syndrome ; Libido decreased ; General physical health deterioration ; Anxiety Case ID Number: 21741396 Drug Sequence: 1 Role Code: PS Drug Name: PROPECIA Product AI: PROPECIA Val VBM: 1 Route: Oral Dose VBM: 1 mg, qd Cumulative Dose (Char): NA Cumulative Dose (Unit): NA Dechal: N Rechal: NA Lot Number: NA Expiration Date: NA NDA Number: 20788 Dose Amount: 1 Dose Unit: MG Dose Form: Film-coated tablet Dose Frequency: QD Indication for Use: ; Therapy Start Date: 20110331 Therapy End Date: 201709 Duration: NA Duration Code: NA
... A20: 19 | B20: 225958262 | C20: Visual impairment | D20: TIKOSYN | E20: 0 | F20: 0 | G20: 0 | H20: =E20-G20 -> 0 | I20: =IF(E20=G20,1,0) -> 1 | J20: =IF(E20>G20,1,0) -> 0 | K20: =IF(E20<G20,1,0) -> 0 | L20: =IF(E20=G20,"Agreement",IF(E20>G20,"Overestimation","Underestimation")) -> Agreement | M20: =F20-G20 -> 0 | N20: =IF(F20=G20,1,0) -> 1 | O20: =IF(F20>G20,1,0) -> 0 | P20: =IF(F20<G20,1,0) -> 0 | Q20: =IF(F20=G20,"Agreement",IF(F20>G20,"Overestimation","Underestimation")) -> Agreement | R20: -1 | S20: -1 | T20: -1 | U20: =R20-T20 -> 0 | V20: =IF(R20=T20,1,0) -> 1 | W20: =IF(R20>T20,1,0) -> 0 | X20: =IF(R20<T20,1,0) -> 0 | Y20: =IF(R20=T20,"Agreement",IF(R20>T20,"Overestimation","Underestimation")) -> Agreement | Z20: =S20-T20 -> 0 | AA20: =IF(S20=T20,1,0) -> 1 | AB20: =IF(S20>T20,1,0) -> 0 | AC20: =IF(S20<T20,1,0) -> 0 | AD20: =IF(S20=T20,"Agreement",IF(S20>T20,"Overestimation","Underestimation")) -> Agreement | AE20: 0 | AF20: 1 | AG20: 1 | AH20: =AE20-AG20 -> -1 | AI20: =IF(AE20=AG20,1,0) -> 0 | AJ20: =IF(AE20>AG20,1,0) -> 0 | AK20: =IF(AE20<AG20,1,0) -> 1 | AL20: =IF(AE20=AG20,"Agreement",IF(AE20>AG20,"Overestimation","Underestimation")) -> Underestimation | AM20: =AF20-AG20 -> 0 | AN20: =IF(AF20=AG20,1,0) -> 1 | AO20: =IF(AF20>AG20,1,0) -> 0 | AP20: =IF(AF20<AG20,1,0) -> 0 | AQ20: =IF(AF20=AG20,"Agreement",IF(AF20>AG20,"Overestimation","Underestimation")) -> Agreement | AR20: the case does not provide any infomation on therapy start and end date or on the event date, thus temporal and biological plausability can not be established. | AS20: the case does not provide any infomation on therapy start and end date or on the event date, thus temporal and biological plausability can not be established. | AT20: the case does not provide any infomation on therapy start and end date or on the event date, thus temporal and biological plausability can not be established. | AU20: ## Pair Assessment: TIKOSYN vs Visual impairment **CrewAI Final Output:** ``` **Comprehensive Causality Assessment for Visual impairment Associated with TIKOSYN** **FINAL PLAUSIBILITY RATING:** LOW **Detailed Causality Analysis:** 1. **Temporal Plausibility** The temporal relationship between the administration of TIKOSYN and the onset of 'Visual impairment' cannot be established. The therapy start date is documented as 20240830, but the 'Event Date' is marked as MISSING. Without a date for the adverse event, it is impossible to determine if the event occurred after the drug was initiated, which is a fundamental criterion for assessing causality. This represents a significant weakness in the case. 2. **Biological Plausibility** The biological plausibility for TIKOSYN causing visual impairment is low. According to the provided summary, TIKOSYN's mechanism of action is a selective blockade of the I_Kr potassium current in cardiac myocytes. While potassium channels are present in the nervous system and retina, there is no established mechanism linking the specific blockade of I_Kr to visual pathology. Furthermore, the literature search of the PubMed database for 'TIKOSYN' and 'Visual impairment' yielded zero articles, indicating a lack of published scientific evidence to support this association. The FDA-approved prescribing information also does not list visual impairment as a known adverse reaction. 3. **Dechallenge/Rechallenge** The information regarding dechallenge and rechallenge does not support a causal link. * **Dechallenge:** The result is 'U' (Unknown). This means it is not known if the drug was stopped or, if it was, whether the visual impairment improved, resolved, or remained unchanged. An unknown dechallenge provides no information to support or refute causality. * **Rechallenge:** The result is 'MISSING'. There is no information to suggest the patient was re-exposed to TIKOSYN after a potential discontinuation. A positive rechallenge is a strong indicator of causality, and its absence here means this criterion is not met. 4. **Objective Evidence** There is a lack of objective evidence to support the reported association. The case is based on a single report with no supporting clinical data, such as ophthalmological examination results, diagnostic imaging, or lab tests. The literature search was negative (0 articles found, no PMIDs available), failing to provide any external validation from clinical trials, case series, or other case reports. 5. **Confounding Factors** Several significant confounding factors are present that could provide an alternative explanation for the event: * **Patient Age:** The patient is 79 years old. Advanced age is a primary risk factor for numerous conditions causing visual impairment, such as age-related macular degeneration, cataracts, and glaucoma. * **History of Similar Reactions:** The case notes a 'Y' for "History of Similar Reactions." This strongly suggests the patient has experienced similar episodes in the past, pointing towards a pre-existing or recurrent underlying condition independent of TIKOSYN therapy. * **Concurrent Medications:** While no concurrent medications were listed, the patient's underlying indication for TIKOSYN (MISSING, but likely an arrhythmia) may be associated with other systemic diseases (e.g., hypertension, diabetes) that are known causes of visual impairment. 6. **Synthesis and Final Assessment** The overall evidence for a causal relationship between TIKOSYN and 'Visual impairment' is very weak. The assessment is severely limited by a missing event date, which prevents the establishment of a temporal link. There is no known biological mechanism, and a literature search yielded no supporting evidence. The dechallenge was uninformative ('Unknown'), and no rechallenge was performed. Most importantly, strong confounding factors exist, including the patient's advanced age (79) and a documented history of similar reactions, which strongly suggest an alternative etiology. Given the complete lack of supporting evidence and the presence of plausible alternative causes, the causality is rated as LOW. ``` --- | AV20: ## Pair Assessment: TIKOSYN vs Visual impairment **CrewAI Final Output:** ``` **Comprehensive Causality Assessment for Visual impairment Associated with TIKOSYN** **FINAL PLAUSIBILITY RATING:** LOW **Detailed Causality Analysis:** 1. **Temporal Plausibility** The temporal relationship between the administration of TIKOSYN and the onset of 'Visual impairment' cannot be established. The therapy start date is documented as 20240830, but the 'Event Date' is marked as MISSING. Without a date for the adverse event, it is impossible to determine if the event occurred after the drug was initiated, which is a fundamental criterion for assessing causality. This represents a significant weakness in the case. 2. **Biological Plausibility** The biological plausibility for TIKOSYN causing visual impairment is low. According to the provided summary, TIKOSYN's mechanism of action is a selective blockade of the I_Kr potassium current in cardiac myocytes. While potassium channels are present in the nervous system and retina, there is no established mechanism linking the specific blockade of I_Kr to visual pathology. Furthermore, the literature search of the PubMed database for 'TIKOSYN' and 'Visual impairment' yielded zero articles, indicating a lack of published scientific evidence to support this association. The FDA-approved prescribing information also does not list visual impairment as a known adverse reaction. 3. **Dechallenge/Rechallenge** The information regarding dechallenge and rechallenge does not support a causal link. * **Dechallenge:** The result is 'U' (Unknown). This means it is not known if the drug was stopped or, if it was, whether the visual impairment improved, resolved, or remained unchanged. An unknown dechallenge provides no information to support or refute causality. * **Rechallenge:** The result is 'MISSING'. There is no information to suggest the patient was re-exposed to TIKOSYN after a potential discontinuation. A positive rechallenge is a strong indicator of causality, and its absence here means this criterion is not met. 4. **Objective Evidence** There is a lack of objective evidence to support the reported association. The case is based on a single report with no supporting clinical data, such as ophthalmological examination results, diagnostic imaging, or lab tests. The literature search was negative (0 articles found, no PMIDs available), failing to provide any external validation from clinical trials, case series, or other case reports. 5. **Confounding Factors** Several significant confounding factors are present that could provide an alternative explanation for the event: * **Patient Age:** The patient is 79 years old. Advanced age is a primary risk factor for numerous conditions causing visual impairment, such as age-related macular degeneration, cataracts, and glaucoma. * **History of Similar Reactions:** The case notes a 'Y' for "History of Similar Reactions." This strongly suggests the patient has experienced similar episodes in the past, pointing towards a pre-existing or recurrent underlying condition independent of TIKOSYN therapy. * **Concurrent Medications:** While no concurrent medications were listed, the patient's underlying indication for TIKOSYN (MISSING, but likely an arrhythmia) may be associated with other systemic diseases (e.g., hypertension, diabetes) that are known causes of visual impairment. 6. **Synthesis and Final Assessment** The overall evidence for a causal relationship between TIKOSYN and 'Visual impairment' is very weak. The assessment is severely limited by a missing event date, which prevents the establishment of a temporal link. There is no known biological mechanism, and a literature search yielded no supporting evidence. The dechallenge was uninformative ('Unknown'), and no rechallenge was performed. Most importantly, strong confounding factors exist, including the patient's advanced age (79) and a documented history of similar reactions, which strongly suggest an alternative etiology. Given the complete lack of supporting evidence and the presence of plausible alternative causes, the causality is rated as LOW. ``` --- | AW20: Advanced age (79 years) and concurrent medication-use/process errors may plausibly contribute to visual impairment independent of Tikosyn exposure. | AX20: Visual impairment Case ID: Symptom - Visual impairment is a subjective experience reported by the patient regarding reduced vision, not an objective measurement like visual acuity testing or fundoscopic findings. | AY20: Visual impairment: Sign - Visual impairment can be objectively measured through visual acuity tests or other assessments, making it a sign. | AZ20: since the intentional use is a clinical sign (as opposed to a symptom), it is assumed that the appropriate medical tests have been performed by a healthcare professional, prior to diagnosing. | BA20: Case ID: 225958262 Case Version: 2 FDA Code: F Event Date: NA Manufacture Date: 20250114 Initial FDA Date: 20230613 FDA Date: 20250117 Report Code: PER Authorization Number: NA Manufacturer Number: US-PFIZER INC-PV202300104123 Manufacturer Sender: PFIZER Literature Reference: NA Age: 79 Age Code: YR Age Group: NA Sex: M E Sub: Y Weight: 81.633 Weight Code: KG Report Date: 20250117 To Manufacturer: NA Occupation Code: CN Reporter Country: US Occurrence Country: US Adverse Reaction(s): Wrong technique in product usage process ; Product dispensing error ; Visual impairment Case ID Number: 22595826 Drug Sequence: 1 ; 2 Role Code: PS ; SS Drug Name: TIKOSYN ; TIKOSYN Product AI: TIKOSYN ; TIKOSYN Val VBM: 1 ; 1 Route: Oral ; NA Dose VBM: Take 1 capsule (250 mcg total) by mouth every 12 hours ; 0.5 DF (250 ug) Cumulative Dose (Char): NA ; NA Cumulative Dose (Unit): NA ; NA Dechal: U ; U Rechal: NA ; NA Lot Number: NA ; NA Expiration Date: NA ; NA NDA Number: 20931 ; 20931 Dose Amount: 250 ; NA Dose Unit: UG ; NA Dose Form: Capsule, hard ; Capsule, hard Dose Frequency: BID ; NA Indication for Use: ; ; Therapy Start Date: 20240830 ; NA Therapy End Date: NA ; NA Duration: NA ; NA Duration Code: NA ; NA
A21: 20 | B21: 226140432 | C21: Product use issue | D21: FINASTERIDE | E21: 0 | F21: 0 | G21: 0 | H21: =E21-G21 -> 0 | I21: =IF(E21=G21,1,0) -> 1 | J21: =IF(E21>G21,1,0) -> 0 | K21: =IF(E21<G21,1,0) -> 0 | L21: =IF(E21=G21,"Agreement",IF(E21>G21,"Overestimation","Underestimation")) -> Agreement | M21: =F21-G21 -> 0 | N21: =IF(F21=G21,1,0) -> 1 | O21: =IF(F21>G21,1,0) -> 0 | P21: =IF(F21<G21,1,0) -> 0 | Q21: =IF(F21=G21,"Agreement",IF(F21>G21,"Overestimation","Underestimation")) -> Agreement | R21: -1 | S21: 2 | T21: 2 | U21: =R21-T21 -> -3 | V21: =IF(R21=T21,1,0) -> 0 | W21: =IF(R21>T21,1,0) -> 0 | X21: =IF(R21<T21,1,0) -> 1 | Y21: =IF(R21=T21,"Agreement",IF(R21>T21,"Overestimation","Underestimation")) -> Underestimation | Z21: =S21-T21 -> 0 | AA21: =IF(S21=T21,1,0) -> 1 | AB21: =IF(S21>T21,1,0) -> 0 | AC21: =IF(S21<T21,1,0) -> 0 | AD21: =IF(S21=T21,"Agreement",IF(S21>T21,"Overestimation","Underestimation")) -> Agreement | AE21: 0 | AF21: 1 | AG21: 1 | AH21: =AE21-AG21 -> -1 | AI21: =IF(AE21=AG21,1,0) -> 0 | AJ21: =IF(AE21>AG21,1,0) -> 0 | AK21: =IF(AE21<AG21,1,0) -> 1 | AL21: =IF(AE21=AG21,"Agreement",IF(AE21>AG21,"Overestimation","Underestimation")) -> Underestimation | AM21: =AF21-AG21 -> 0 | AN21: =IF(AF21=AG21,1,0) -> 1 | AO21: =IF(AF21>AG21,1,0) -> 0 | AP21: =IF(AF21<AG21,1,0) -> 0 | AQ21: =IF(AF21=AG21,"Agreement",IF(AF21>AG21,"Overestimation","Underestimation")) -> Agreement | AR21: the case does not provide any infomation on therapy start and end date or on the event date, thus temporal and biological plausability can not be established. | AS21: the case does not provide any infomation on therapy start and end date or on the event date, thus temporal and biological plausability can not be established. | AT21: the case does not provide any infomation on therapy start and end date or on the event date, thus temporal and biological plausability can not be established. | AV21: ## Pair Assessment: FINASTERIDE vs Product use issue **CrewAI Final Output:** ``` **Comprehensive Causality Assessment for Product use issue Associated with FINASTERIDE** **FINAL PLAUSIBILITY RATING:** MEDIUM **Detailed Causality Analysis:** **1. Temporal Plausibility** The temporal relationship is suggestive but weakened by missing data. The patient, a 29-year-old male, experienced the event during a long-term treatment course of 6 years with Finasteride. The absence of specific dates for therapy start and event onset prevents a precise latency calculation. However, the most significant factor supporting temporal plausibility is the patient's reported 'History of Similar Reactions: Y'. This suggests a recurring pattern of reaction upon exposure to the drug, making a coincidental occurrence less likely. The long duration of therapy is also consistent with the development of persistent syndromes as described in the literature. **2. Biological Plausibility** There is strong biological plausibility for this association. Finasteride is a 5α-reductase inhibitor, a class of drugs known to interfere with androgen metabolism, which is fundamental to male sexual function. The provided literature (PMID: 29733030) explicitly describes a "post-finasteride syndrome" (PFS) characterized by enduring sexual dysfunction, including symptoms like genital anaesthesia, pleasureless orgasm, loss of libido, and impotence. Although the reported event 'Product use issue' is non-specific, it is highly likely to represent this well-documented syndrome. The drug's mechanism of action is directly linked to the physiological systems governing the functions described in the supporting clinical evidence. **3. Dechallenge/Rechallenge** The information regarding dechallenge and rechallenge is uninformative for this assessment. The dechallenge result is 'U' (Unknown), meaning the outcome after stopping Finasteride was not reported or was not yet known at the time of the report. This provides neither positive nor negative evidence for causality. Rechallenge information is 'MISSING'. Therefore, this criterion cannot be used to support or refute the causal link. **4. Objective Evidence** The evidence for this case is based on a subjective, spontaneous report from a reporter in Spain (ES). The adverse event term 'Product use issue' is vague and lacks clinical detail. No objective clinical or diagnostic data (e.g., lab results, physical examination findings) were provided to substantiate the event. However, the clinical evidence summary (PMID: 29733030) provides external support by documenting a consistent pattern of similar subjective reports from a large cohort of patients, lending credibility to the existence of such a syndrome. **5. Confounding Factors** The likelihood of confounding factors is low. The patient was reportedly taking Finasteride as a single drug ('Concurrent Medications: N/A'), which eliminates the possibility of drug-drug interactions or alternative drug causes. The indication, androgenetic alopecia, is not an independent cause of the sexual dysfunction described. While other underlying medical or psychological conditions cannot be entirely ruled out without a full medical history, the patient's 'History of Similar Reactions: Y' strongly points towards a specific reaction to an exposure, likely the suspect drug, rather than an unrelated confounding condition. **6. Synthesis and Final Assessment** This case presents a probable causal association between Finasteride and the reported 'Product use issue', interpreted as sexual dysfunction. The primary strengths of the assessment are the strong biological plausibility, supported by the drug's mechanism and literature evidence (PMID: 29733030), and the patient's history of similar reactions, which is a powerful indicator of drug-related causality. The absence of concurrent medications minimizes the role of confounders. However, the assessment is limited by significant data gaps, including the non-specific event term, the lack of a clear temporal sequence with specific dates, and an unknown dechallenge outcome. These weaknesses prevent a definitive conclusion. Therefore, the causality is assessed as **MEDIUM**, indicating a probable relationship where the evidence is suggestive but not conclusive. ``` --- | AW21: These are not pharmacological adverse reactions but usage/process issues. | AX21: Product use issue Case ID: Symptom - Product use issue refers to problems with how a product is used, which is typically reported by the patient or caregiver as a subjective experience rather than an objective, measurable finding. | AY21: Product use issue: Sign - Product use issue is an observable event related to how a product is used, not a subjective patient experience. | AZ21: since the intentional use is a clinical sign (as opposed to a symptom), it is assumed that the appropriate medical tests have been performed by a healthcare professional, prior to diagnosing. | BA21: Case ID: 226140432 Case Version: 2 FDA Code: F Event Date: NA Manufacture Date: 20250511 Initial FDA Date: 20230619 FDA Date: 20250521 Report Code: EXP Authorization Number: NA Manufacturer Number: ES-AUROBINDO-AUR-APL-2023-042187 Manufacturer Sender: AUROBINDO Literature Reference: Sainz Ramirez, Maria; Garcia Robles, Ruben; Salguero Molpeceres, Oliver Luis.. Phosphodiesterase inhibitors in androgenic alopecia as a possible risk factor for testicular tumor. Med.cl?n (Ed.impr.).. 2023;160:415-419 Age: 29 Age Code: YR Age Group: NA Sex: M E Sub: Y Weight: NA Weight Code: NA Report Date: 20250521 To Manufacturer: NA Occupation Code: MD Reporter Country: ES Occurrence Country: ES Adverse Reaction(s): Product use in unapproved indication ; Testicular germ cell tumour mixed ; Testicular cyst ; Product use issue Case ID Number: 22614043 Drug Sequence: 1 Role Code: PS Drug Name: FINASTERIDE Product AI: FINASTERIDE Val VBM: 1 Route: Unknown Dose VBM: 1 milligram, Once a Day, 6 years treatment Cumulative Dose (Char): NA Cumulative Dose (Unit): NA Dechal: U Rechal: NA Lot Number: NA Expiration Date: NA NDA Number: 78341 Dose Amount: 1 Dose Unit: MG Dose Form: NA Dose Frequency: QD Indication for Use: Androgenetic alopecia Therapy Start Date: NA Therapy End Date: NA Duration: NA Duration Code: NA
A22: 21 | B22: 226171673 | C22: Product use issue | D22: FINASTERIDE | E22: 0 | F22: 0 | G22: 0 | H22: =E22-G22 -> 0 | I22: =IF(E22=G22,1,0) -> 1 | J22: =IF(E22>G22,1,0) -> 0 | K22: =IF(E22<G22,1,0) -> 0 | L22: =IF(E22=G22,"Agreement",IF(E22>G22,"Overestimation","Underestimation")) -> Agreement | M22: =F22-G22 -> 0 | N22: =IF(F22=G22,1,0) -> 1 | O22: =IF(F22>G22,1,0) -> 0 | P22: =IF(F22<G22,1,0) -> 0 | Q22: =IF(F22=G22,"Agreement",IF(F22>G22,"Overestimation","Underestimation")) -> Agreement | R22: -1 | S22: 2 | T22: 2 | U22: =R22-T22 -> -3 | V22: =IF(R22=T22,1,0) -> 0 | W22: =IF(R22>T22,1,0) -> 0 | X22: =IF(R22<T22,1,0) -> 1 | Y22: =IF(R22=T22,"Agreement",IF(R22>T22,"Overestimation","Underestimation")) -> Underestimation | Z22: =S22-T22 -> 0 | AA22: =IF(S22=T22,1,0) -> 1 | AB22: =IF(S22>T22,1,0) -> 0 | AC22: =IF(S22<T22,1,0) -> 0 | AD22: =IF(S22=T22,"Agreement",IF(S22>T22,"Overestimation","Underestimation")) -> Agreement | AE22: 0 | AF22: 1 | AG22: 1 | AH22: =AE22-AG22 -> -1 | AI22: =IF(AE22=AG22,1,0) -> 0 | AJ22: =IF(AE22>AG22,1,0) -> 0 | AK22: =IF(AE22<AG22,1,0) -> 1 | AL22: =IF(AE22=AG22,"Agreement",IF(AE22>AG22,"Overestimation","Underestimation")) -> Underestimation | AM22: =AF22-AG22 -> 0 | AN22: =IF(AF22=AG22,1,0) -> 1 | AO22: =IF(AF22>AG22,1,0) -> 0 | AP22: =IF(AF22<AG22,1,0) -> 0 | AQ22: =IF(AF22=AG22,"Agreement",IF(AF22>AG22,"Overestimation","Underestimation")) -> Agreement | AR22: the case does not provide any infomation on therapy start and end date or on the event date, thus temporal and biological plausability can not be established. | AS22: the case does not provide any infomation on therapy start and end date or on the event date, thus temporal and biological plausability can not be established. | AT22: the case does not provide any infomation on therapy start and end date or on the event date, thus temporal and biological plausability can not be established. | AV22: ## Pair Assessment: FINASTERIDE vs Product use issue **CrewAI Final Output:** ``` **Comprehensive Causality Assessment for Product use issue Associated with FINASTERIDE** **FINAL PLAUSIBILITY RATING:** MEDIUM **Detailed Causality Analysis:** 1. **Temporal Plausibility** The case data lacks critical temporal information, as the Event Date, Therapy Start, and Therapy End are all marked as 'MISSING'. While the patient was on a long-term therapy of four years, the absence of an event onset date makes it impossible to establish a definitive temporal relationship between the initiation of FINASTERIDE and the onset of the 'Product use issue'. Therefore, temporal plausibility cannot be confirmed from the available case details. 2. **Biological Plausibility** There is strong biological plausibility for this association based on the provided literature. The summary of PMID: 29733030 describes Post-Finasteride Syndrome (PFS), a condition of enduring sexual dysfunction linked to the use of 5α-reductase inhibitors like FINASTERIDE. The reported clinical features of PFS, such as genital anaesthesia, pleasureless orgasm, loss of libido, and impotence, are consistent with the likely nature of a 'Product use issue' of this type. The mechanism, while not fully elucidated, is linked to finasteride's action as a 5α-reductase inhibitor. This established syndrome in medical literature provides a strong basis for plausibility. 3. **Dechallenge/Rechallenge** The effect of drug withdrawal (dechallenge) is unknown (Dechallenge Result: U), and there is no information on re-exposure (Rechallenge Result: MISSING). Consequently, these powerful criteria for causality assessment cannot be applied in this case. The literature (PMID: 29733030) notes that the sexual difficulties associated with PFS are characterized by their persistence *after* discontinuing the medication, which may render a positive dechallenge (symptom resolution) less likely. 4. **Objective Evidence** The primary evidence supporting this association is from the provided literature summary (PMID: 29733030), which details a case series analysis of 300 patient reports. This study identifies a "legacy syndrome" of enduring sexual dysfunction following treatment with finasteride. While this is based on patient-reported data rather than a controlled clinical trial, it represents a significant safety signal and a recognized clinical entity (PFS) in pharmacovigilance. 5. **Confounding Factors** Several factors must be considered: * **Concurrent Medications:** The patient was reportedly taking no concurrent medications, which eliminates the possibility of confounding from other drugs or drug-drug interactions. * **Patient History:** The patient has a 'History of Similar Reactions: Y'. This is a significant potential confounder. If the patient experienced similar issues of sexual dysfunction prior to starting FINASTERIDE, it would substantially weaken the causal link. The ambiguity of this data point prevents a definitive conclusion but introduces a major element of doubt. * **Underlying Condition:** The indication, androgenetic alopecia, is not known to be an independent cause of sexual dysfunction. 6. **Synthesis and Final Assessment** The assessment presents a mixed picture. The biological plausibility is strong, supported by literature (PMID: 29733030) describing Post-Finasteride Syndrome, a known risk associated with FINASTERIDE. The absence of confounding medications also strengthens the potential association. However, the case-specific evidence is weak. There is a complete lack of temporal data, and the dechallenge result is unknown. Most importantly, the patient's 'History of Similar Reactions' introduces a significant potential confounding factor that cannot be resolved with the available information. Balancing the strong literature-based plausibility against the weak, confounded case-specific data, the causality is assessed as **MEDIUM**. ``` --- | AW22: These are not pharmacological adverse reactions but usage/process issues. | AX22: Product use issue: Symptom - Product use issue refers to problems with how a product is used, such as incorrect administration, dosing errors, or device misuse, which are typically reported by patients or caregivers rather than objectively measured by clinicians. | AY22: Product use issue: Sign - Product use issue is an observable event related to how a product is used, not a subjective patient experience. | AZ22: since the intentional use is a clinical sign (as opposed to a symptom), it is assumed that the appropriate medical tests have been performed by a healthcare professional, prior to diagnosing. | BA22: Case ID: 226171673 Case Version: 3 FDA Code: F Event Date: NA Manufacture Date: 20250511 Initial FDA Date: 20230620 FDA Date: 20250521 Report Code: EXP Authorization Number: NA Manufacturer Number: ES-AUROBINDO-AUR-APL-2023-042160 Manufacturer Sender: AUROBINDO Literature Reference: Sainz Ramirez, Maria; Garcia Robles, Ruben; Salguero Molpeceres, Oliver Luis. Phosphodiesterase inhibitors in androgenic alopecia as a possible risk factor for testicular tumor. Med.cl?n (Ed.impr.). 2023;160:415-419 Age: 25 Age Code: YR Age Group: NA Sex: M E Sub: Y Weight: NA Weight Code: NA Report Date: 20250521 To Manufacturer: NA Occupation Code: MD Reporter Country: ES Occurrence Country: ES Adverse Reaction(s): Product use issue ; Seminoma ; Product use in unapproved indication ; Testicular cyst Case ID Number: 22617167 Drug Sequence: 1 Role Code: PS Drug Name: FINASTERIDE Product AI: FINASTERIDE Val VBM: 1 Route: Unknown Dose VBM: 1 milligram, Once a Day (four years) Cumulative Dose (Char): NA Cumulative Dose (Unit): NA Dechal: U Rechal: NA Lot Number: NA Expiration Date: NA NDA Number: 78341 Dose Amount: 1 Dose Unit: MG Dose Form: NA Dose Frequency: QD Indication for Use: Androgenetic alopecia Therapy Start Date: NA Therapy End Date: NA Duration: NA Duration Code: NA
A23: 22 | B23: 226551694 | C23: Visual impairment | D23: SIPONIMOD | E23: 0 | F23: 0 | G23: 0 | H23: =E23-G23 -> 0 | I23: =IF(E23=G23,1,0) -> 1 | J23: =IF(E23>G23,1,0) -> 0 | K23: =IF(E23<G23,1,0) -> 0 | L23: =IF(E23=G23,"Agreement",IF(E23>G23,"Overestimation","Underestimation")) -> Agreement | M23: =F23-G23 -> 0 | N23: =IF(F23=G23,1,0) -> 1 | O23: =IF(F23>G23,1,0) -> 0 | P23: =IF(F23<G23,1,0) -> 0 | Q23: =IF(F23=G23,"Agreement",IF(F23>G23,"Overestimation","Underestimation")) -> Agreement | R23: -1 | S23: -1 | T23: -1 | U23: =R23-T23 -> 0 | V23: =IF(R23=T23,1,0) -> 1 | W23: =IF(R23>T23,1,0) -> 0 | X23: =IF(R23<T23,1,0) -> 0 | Y23: =IF(R23=T23,"Agreement",IF(R23>T23,"Overestimation","Underestimation")) -> Agreement | Z23: =S23-T23 -> 0 | AA23: =IF(S23=T23,1,0) -> 1 | AB23: =IF(S23>T23,1,0) -> 0 | AC23: =IF(S23<T23,1,0) -> 0 | AD23: =IF(S23=T23,"Agreement",IF(S23>T23,"Overestimation","Underestimation")) -> Agreement | AE23: 0 | AF23: 1 | AG23: 1 | AH23: =AE23-AG23 -> -1 | AI23: =IF(AE23=AG23,1,0) -> 0 | AJ23: =IF(AE23>AG23,1,0) -> 0 | AK23: =IF(AE23<AG23,1,0) -> 1 | AL23: =IF(AE23=AG23,"Agreement",IF(AE23>AG23,"Overestimation","Underestimation")) -> Underestimation | AM23: =AF23-AG23 -> 0 | AN23: =IF(AF23=AG23,1,0) -> 1 | AO23: =IF(AF23>AG23,1,0) -> 0 | AP23: =IF(AF23<AG23,1,0) -> 0 | AQ23: =IF(AF23=AG23,"Agreement",IF(AF23>AG23,"Overestimation","Underestimation")) -> Agreement | AR23: the case does not provide any infomation on therapy start and end date or on the event date, thus temporal and biological plausability can not be established. | AS23: the case does not provide any infomation on therapy start and end date or on the event date, thus temporal and biological plausability can not be established. | AT23: the case does not provide any infomation on therapy start and end date or on the event date, thus temporal and biological plausability can not be established. | AU23: ## Pair Assessment: SIPONIMOD vs Visual impairment **CrewAI Final Output:** ``` **Comprehensive Causality Assessment for Visual impairment Associated with SIPONIMOD** **FINAL PLAUSIBILITY RATING:** LOW **Detailed Causality Analysis:** **1. Temporal Plausibility** The temporal relationship between the administration of SIPONIMOD and the onset of 'Visual impairment' is not plausible. According to the case metadata, the adverse event occurred on 19-JUL-2023, while the therapy with SIPONIMOD was initiated on 05-OCT-2023. The event predates the drug's first dose by nearly three months. This negative temporality is the strongest evidence against a causal association in this specific case. **2. Biological Plausibility** The biological plausibility is complex. SIPONIMOD, as a sphingosine-1-phosphate (S1P) receptor modulator, has a known, albeit low, risk of causing macular edema, a specific condition that leads to visual impairment. The literature summary notes an incidence of 1.7% in the EXPAND trial. Therefore, a mechanism for SIPONIMOD to cause visual impairment exists and is documented. However, the drug's primary mechanism of action in Multiple Sclerosis (MS) is to prevent inflammatory events (like optic neuritis) and slow neurodegeneration, both of which are major causes of visual impairment in this patient population. While a causal link is biologically possible for the drug class, the negative temporality in this case negates this consideration. **3. Dechallenge/Rechallenge** The results for both dechallenge and rechallenge are reported as 'MISSING'. Consequently, no information can be drawn from these criteria to support or refute a causal relationship. **4. Objective Evidence** The case report lacks objective clinical evidence, such as ophthalmologic examination findings, visual acuity measurements, or Optical Coherence Tomography (OCT) results, to characterize the 'Visual impairment'. The literature provides objective evidence from the EXPAND trial that SIPONIMOD carries a risk of macular edema. However, the most compelling objective evidence in this specific case is the documented event date (20230719) and therapy start date (20231005), which objectively demonstrates the event preceded drug exposure. **5. Confounding Factors** There are significant confounding factors that provide a strong alternative explanation for the event: * **Underlying Disease:** The patient's indication for SIPONIMOD is Secondary Progressive Multiple Sclerosis (SPMS). SPMS is a primary and common cause of progressive visual impairment due to chronic optic neuropathy, demyelination, and neuroaxonal loss within the visual pathways. * **History of Similar Reactions:** The case notes a 'History of Similar Reactions: Y'. This strongly suggests that the patient has experienced visual impairment previously, which is highly consistent with the natural history of their underlying SPMS. This history, combined with the event date, points towards the event being a manifestation of the disease itself rather than a drug-induced effect. **6. Synthesis and Final Assessment** The assessment of causality for SIPONIMOD causing 'Visual impairment' in this case is **LOW**. The conclusion is driven by the definitive negative temporal relationship; the event occurred nearly three months before the patient started taking the drug. This fact alone makes a causal association highly improbable. Furthermore, the patient's underlying disease (SPMS) and a reported history of similar reactions provide a compelling and highly plausible alternative cause for the visual impairment. While SIPONIMOD has a known biological mechanism to cause macular edema, this general risk is irrelevant in a case where drug exposure had not yet occurred. Therefore, the event is most likely attributable to the progression of the patient's underlying medical condition. ``` --- | AV23: ## Pair Assessment: SIPONIMOD vs Visual impairment **CrewAI Final Output:** ``` **Comprehensive Causality Assessment for Visual impairment Associated with SIPONIMOD** **FINAL PLAUSIBILITY RATING:** LOW **Detailed Causality Analysis:** **1. Temporal Plausibility** The temporal relationship between the administration of SIPONIMOD and the onset of 'Visual impairment' is not plausible. According to the case metadata, the adverse event occurred on 19-JUL-2023, while the therapy with SIPONIMOD was initiated on 05-OCT-2023. The event predates the drug's first dose by nearly three months. This negative temporality is the strongest evidence against a causal association in this specific case. **2. Biological Plausibility** The biological plausibility is complex. SIPONIMOD, as a sphingosine-1-phosphate (S1P) receptor modulator, has a known, albeit low, risk of causing macular edema, a specific condition that leads to visual impairment. The literature summary notes an incidence of 1.7% in the EXPAND trial. Therefore, a mechanism for SIPONIMOD to cause visual impairment exists and is documented. However, the drug's primary mechanism of action in Multiple Sclerosis (MS) is to prevent inflammatory events (like optic neuritis) and slow neurodegeneration, both of which are major causes of visual impairment in this patient population. While a causal link is biologically possible for the drug class, the negative temporality in this case negates this consideration. **3. Dechallenge/Rechallenge** The results for both dechallenge and rechallenge are reported as 'MISSING'. Consequently, no information can be drawn from these criteria to support or refute a causal relationship. **4. Objective Evidence** The case report lacks objective clinical evidence, such as ophthalmologic examination findings, visual acuity measurements, or Optical Coherence Tomography (OCT) results, to characterize the 'Visual impairment'. The literature provides objective evidence from the EXPAND trial that SIPONIMOD carries a risk of macular edema. However, the most compelling objective evidence in this specific case is the documented event date (20230719) and therapy start date (20231005), which objectively demonstrates the event preceded drug exposure. **5. Confounding Factors** There are significant confounding factors that provide a strong alternative explanation for the event: * **Underlying Disease:** The patient's indication for SIPONIMOD is Secondary Progressive Multiple Sclerosis (SPMS). SPMS is a primary and common cause of progressive visual impairment due to chronic optic neuropathy, demyelination, and neuroaxonal loss within the visual pathways. * **History of Similar Reactions:** The case notes a 'History of Similar Reactions: Y'. This strongly suggests that the patient has experienced visual impairment previously, which is highly consistent with the natural history of their underlying SPMS. This history, combined with the event date, points towards the event being a manifestation of the disease itself rather than a drug-induced effect. **6. Synthesis and Final Assessment** The assessment of causality for SIPONIMOD causing 'Visual impairment' in this case is **LOW**. The conclusion is driven by the definitive negative temporal relationship; the event occurred nearly three months before the patient started taking the drug. This fact alone makes a causal association highly improbable. Furthermore, the patient's underlying disease (SPMS) and a reported history of similar reactions provide a compelling and highly plausible alternative cause for the visual impairment. While SIPONIMOD has a known biological mechanism to cause macular edema, this general risk is irrelevant in a case where drug exposure had not yet occurred. Therefore, the event is most likely attributable to the progression of the patient's underlying medical condition. ``` --- | AW23: Cataract and optic nerve injury reported concurrently may plausibly contribute to visual impairment independent of Siponimod exposure. | AX23: Visual impairment: Symptom - Visual impairment is a subjective experience reported by the patient regarding reduced vision quality, not directly observable or measurable without patient input, making it a symptom rather than an objective sign. | AY23: Visual impairment: Sign - Visual impairment can be objectively measured through visual acuity tests or other assessments, making it a sign. | AZ23: since the intentional use is a clinical sign (as opposed to a symptom), it is assumed that the appropriate medical tests have been performed by a healthcare professional, prior to diagnosing. | BA23: Case ID: 226551694 Case Version: 4 FDA Code: F Event Date: 20230719 Manufacture Date: 20250314 Initial FDA Date: 20230629 FDA Date: 20250319 Report Code: EXP Authorization Number: NA Manufacturer Number: NVSC2023GB147751 Manufacturer Sender: NOVARTIS Literature Reference: NA Age: NA Age Code: NA Age Group: NA Sex: F E Sub: Y Weight: NA Weight Code: NA Report Date: 20250319 To Manufacturer: NA Occupation Code: CN Reporter Country: GB Occurrence Country: GB Adverse Reaction(s): Pain ; Cataract ; Visual impairment ; Optic nerve injury ; Tooth loss ; Gingivitis Case ID Number: 22655169 Drug Sequence: 2 ; 1 Role Code: SS ; PS Drug Name: SIPONIMOD ; SIPONIMOD Product AI: SIPONIMOD ; SIPONIMOD Val VBM: 1 ; 1 Route: Oral ; Oral Dose VBM: 2 mg, QD ; 2 mg, QD Cumulative Dose (Char): NA ; NA Cumulative Dose (Unit): NA ; NA Dechal: NA ; NA Rechal: NA ; NA Lot Number: NA ; NA Expiration Date: NA ; NA NDA Number: 209884 ; 209884 Dose Amount: 2 ; 2 Dose Unit: MG ; MG Dose Form: Tablet ; Tablet Dose Frequency: QD ; QD Indication for Use: Secondary progressive multiple sclerosis ; Secondary progressive multiple sclerosis ; ; Therapy Start Date: 20231005 ; 20230330 Therapy End Date: NA ; NA Duration: NA ; NA Duration Code: NA ; NA
